,k,metric,weights,tp,tn,fp,fn,acc,pre,rec,f1s,spe
0,1,manhattan,uniform,3722,14809,3781,1511,0.7778617302606725,0.4960682393709183,0.7112554939805084,0.5844849246231156,0.7966110812264658
1,1,manhattan,distance,3722,14809,3781,1511,0.7778617302606725,0.4960682393709183,0.7112554939805084,0.5844849246231156,0.7966110812264658
2,1,manhattan,weights_sqr,3722,14809,3781,1511,0.7778617302606725,0.4960682393709183,0.7112554939805084,0.5844849246231156,0.7966110812264658
3,1,manhattan,weights_sqr4,3722,14809,3781,1511,0.7778617302606725,0.4960682393709183,0.7112554939805084,0.5844849246231156,0.7966110812264658
4,1,manhattan,weights_sqr8,3722,14809,3781,1511,0.7778617302606725,0.4960682393709183,0.7112554939805084,0.5844849246231156,0.7966110812264658
5,1,nan_euclidean,uniform,3829,14723,3867,1404,0.7787432313310666,0.49753118503118504,0.7317026562201414,0.5923118570655117,0.7919849381387843
6,1,nan_euclidean,distance,3829,14723,3867,1404,0.7787432313310666,0.49753118503118504,0.7317026562201414,0.5923118570655117,0.7919849381387843
7,1,nan_euclidean,weights_sqr,3829,14723,3867,1404,0.7787432313310666,0.49753118503118504,0.7317026562201414,0.5923118570655117,0.7919849381387843
8,1,nan_euclidean,weights_sqr4,3829,14723,3867,1404,0.7787432313310666,0.49753118503118504,0.7317026562201414,0.5923118570655117,0.7919849381387843
9,1,nan_euclidean,weights_sqr8,3829,14723,3867,1404,0.7787432313310666,0.49753118503118504,0.7317026562201414,0.5923118570655117,0.7919849381387843
10,1,minkowski,uniform,3829,14723,3867,1404,0.7787432313310666,0.49753118503118504,0.7317026562201414,0.5923118570655117,0.7919849381387843
11,1,minkowski,distance,3829,14723,3867,1404,0.7787432313310666,0.49753118503118504,0.7317026562201414,0.5923118570655117,0.7919849381387843
12,1,minkowski,weights_sqr,3829,14723,3867,1404,0.7787432313310666,0.49753118503118504,0.7317026562201414,0.5923118570655117,0.7919849381387843
13,1,minkowski,weights_sqr4,3829,14723,3867,1404,0.7787432313310666,0.49753118503118504,0.7317026562201414,0.5923118570655117,0.7919849381387843
14,1,minkowski,weights_sqr8,3829,14723,3867,1404,0.7787432313310666,0.49753118503118504,0.7317026562201414,0.5923118570655117,0.7919849381387843
15,1,chebyshev,uniform,3772,14172,4418,1461,0.7532216765310834,0.46056166056166054,0.7208102426906172,0.5620204127244282,0.7623453469607315
16,1,chebyshev,distance,3772,14172,4418,1461,0.7532216765310834,0.46056166056166054,0.7208102426906172,0.5620204127244282,0.7623453469607315
17,1,chebyshev,weights_sqr,3772,14172,4418,1461,0.7532216765310834,0.46056166056166054,0.7208102426906172,0.5620204127244282,0.7623453469607315
18,1,chebyshev,weights_sqr4,3772,14172,4418,1461,0.7532216765310834,0.46056166056166054,0.7208102426906172,0.5620204127244282,0.7623453469607315
19,1,chebyshev,weights_sqr8,3772,14172,4418,1461,0.7532216765310834,0.46056166056166054,0.7208102426906172,0.5620204127244282,0.7623453469607315
20,1,cosine,uniform,3849,14763,3827,1384,0.781261805817907,0.5014330380406462,0.735524555704185,0.5963281431559377,0.794136632598171
21,1,cosine,distance,3849,14763,3827,1384,0.781261805817907,0.5014330380406462,0.735524555704185,0.5963281431559377,0.794136632598171
22,1,cosine,weights_sqr,3849,14763,3827,1384,0.781261805817907,0.5014330380406462,0.735524555704185,0.5963281431559377,0.794136632598171
23,1,cosine,weights_sqr4,3849,14763,3827,1384,0.781261805817907,0.5014330380406462,0.735524555704185,0.5963281431559377,0.794136632598171
24,1,cosine,weights_sqr8,3849,14763,3827,1384,0.781261805817907,0.5014330380406462,0.735524555704185,0.5963281431559377,0.794136632598171
25,1,euclidean,uniform,3829,14723,3867,1404,0.7787432313310666,0.49753118503118504,0.7317026562201414,0.5923118570655117,0.7919849381387843
26,1,euclidean,distance,3829,14723,3867,1404,0.7787432313310666,0.49753118503118504,0.7317026562201414,0.5923118570655117,0.7919849381387843
27,1,euclidean,weights_sqr,3829,14723,3867,1404,0.7787432313310666,0.49753118503118504,0.7317026562201414,0.5923118570655117,0.7919849381387843
28,1,euclidean,weights_sqr4,3829,14723,3867,1404,0.7787432313310666,0.49753118503118504,0.7317026562201414,0.5923118570655117,0.7919849381387843
29,1,euclidean,weights_sqr8,3829,14723,3867,1404,0.7787432313310666,0.49753118503118504,0.7317026562201414,0.5923118570655117,0.7919849381387843
30,2,manhattan,uniform,2078,17860,730,3155,0.836922301977081,0.74002849002849,0.3970953563921269,0.5168511379181694,0.9607315761161915
31,2,manhattan,distance,3722,14809,3781,1511,0.7778617302606725,0.4960682393709183,0.7112554939805084,0.5844849246231156,0.7966110812264658
32,2,manhattan,weights_sqr,3722,14809,3781,1511,0.7778617302606725,0.4960682393709183,0.7112554939805084,0.5844849246231156,0.7966110812264658
33,2,manhattan,weights_sqr4,3722,14809,3781,1511,0.7778617302606725,0.4960682393709183,0.7112554939805084,0.5844849246231156,0.7966110812264658
34,2,manhattan,weights_sqr8,3722,14809,3781,1511,0.7778617302606725,0.4960682393709183,0.7112554939805084,0.5844849246231156,0.7966110812264658
35,2,nan_euclidean,uniform,2099,17882,708,3134,0.8387272803593167,0.7477734235838974,0.4011083508503726,0.5221393034825871,0.9619150080688542
36,2,nan_euclidean,distance,3829,14723,3867,1404,0.7787432313310666,0.49753118503118504,0.7317026562201414,0.5923118570655117,0.7919849381387843
37,2,nan_euclidean,weights_sqr,3829,14723,3867,1404,0.7787432313310666,0.49753118503118504,0.7317026562201414,0.5923118570655117,0.7919849381387843
38,2,nan_euclidean,weights_sqr4,3829,14723,3867,1404,0.7787432313310666,0.49753118503118504,0.7317026562201414,0.5923118570655117,0.7919849381387843
39,2,nan_euclidean,weights_sqr8,3829,14723,3867,1404,0.7787432313310666,0.49753118503118504,0.7317026562201414,0.5923118570655117,0.7919849381387843
40,2,minkowski,uniform,2099,17882,708,3134,0.8387272803593167,0.7477734235838974,0.4011083508503726,0.5221393034825871,0.9619150080688542
41,2,minkowski,distance,3829,14723,3867,1404,0.7787432313310666,0.49753118503118504,0.7317026562201414,0.5923118570655117,0.7919849381387843
42,2,minkowski,weights_sqr,3829,14723,3867,1404,0.7787432313310666,0.49753118503118504,0.7317026562201414,0.5923118570655117,0.7919849381387843
43,2,minkowski,weights_sqr4,3829,14723,3867,1404,0.7787432313310666,0.49753118503118504,0.7317026562201414,0.5923118570655117,0.7919849381387843
44,2,minkowski,weights_sqr8,3829,14723,3867,1404,0.7787432313310666,0.49753118503118504,0.7317026562201414,0.5923118570655117,0.7919849381387843
45,2,chebyshev,uniform,2202,17478,1112,3031,0.8260924316836671,0.6644538322269161,0.420791133193197,0.5152685152685152,0.9401828940290479
46,2,chebyshev,distance,3772,14172,4418,1461,0.7532216765310834,0.46056166056166054,0.7208102426906172,0.5620204127244282,0.7623453469607315
47,2,chebyshev,weights_sqr,3772,14172,4418,1461,0.7532216765310834,0.46056166056166054,0.7208102426906172,0.5620204127244282,0.7623453469607315
48,2,chebyshev,weights_sqr4,3772,14172,4418,1461,0.7532216765310834,0.46056166056166054,0.7208102426906172,0.5620204127244282,0.7623453469607315
49,2,chebyshev,weights_sqr8,3772,14172,4418,1461,0.7532216765310834,0.46056166056166054,0.7208102426906172,0.5620204127244282,0.7623453469607315
50,2,cosine,uniform,2183,17833,757,3050,0.8401964488099736,0.742517006802721,0.4171603286833556,0.5341979689220604,0.9592791823561054
51,2,cosine,distance,3849,14763,3827,1384,0.781261805817907,0.5014330380406462,0.735524555704185,0.5963281431559377,0.794136632598171
52,2,cosine,weights_sqr,3849,14763,3827,1384,0.781261805817907,0.5014330380406462,0.735524555704185,0.5963281431559377,0.794136632598171
53,2,cosine,weights_sqr4,3849,14763,3827,1384,0.781261805817907,0.5014330380406462,0.735524555704185,0.5963281431559377,0.794136632598171
54,2,cosine,weights_sqr8,3849,14763,3827,1384,0.781261805817907,0.5014330380406462,0.735524555704185,0.5963281431559377,0.794136632598171
55,2,euclidean,uniform,2099,17882,708,3134,0.8387272803593167,0.7477734235838974,0.4011083508503726,0.5221393034825871,0.9619150080688542
56,2,euclidean,distance,3829,14723,3867,1404,0.7787432313310666,0.49753118503118504,0.7317026562201414,0.5923118570655117,0.7919849381387843
57,2,euclidean,weights_sqr,3829,14723,3867,1404,0.7787432313310666,0.49753118503118504,0.7317026562201414,0.5923118570655117,0.7919849381387843
58,2,euclidean,weights_sqr4,3829,14723,3867,1404,0.7787432313310666,0.49753118503118504,0.7317026562201414,0.5923118570655117,0.7919849381387843
59,2,euclidean,weights_sqr8,3829,14723,3867,1404,0.7787432313310666,0.49753118503118504,0.7317026562201414,0.5923118570655117,0.7919849381387843
60,3,manhattan,uniform,3645,15573,3017,1588,0.8066994081349956,0.5471329930951666,0.6965411809669406,0.6128625472887768,0.8377084454007531
61,3,manhattan,distance,3649,15581,3009,1584,0.8072031230323636,0.5480624812255933,0.6973055608637493,0.6137414851568412,0.8381387842926304
62,3,manhattan,weights_sqr,3689,15632,2958,1544,0.8110229610040717,0.5549872122762148,0.7049493598318364,0.621043771043771,0.8408821947283486
63,3,manhattan,weights_sqr4,3760,15568,3022,1473,0.811316794694203,0.554408728988499,0.7185171030001911,0.6258843112775697,0.8374394835933298
64,3,manhattan,weights_sqr8,3762,15187,3403,1471,0.795407799185661,0.5250523377529658,0.7188992929485954,0.6068720761413131,0.8169445938676708
65,3,nan_euclidean,uniform,3696,15512,3078,1537,0.8062796457205221,0.545615589016829,0.7062870246512517,0.615640876155576,0.8344271113501883
66,3,nan_euclidean,distance,3703,15524,3066,1530,0.8070771943080216,0.5470527404343329,0.7076246894706669,0.6170638226962173,0.8350726196880043
67,3,nan_euclidean,weights_sqr,3755,15625,2965,1478,0.8134995592494648,0.5587797619047619,0.7175616281291802,0.6282941520957083,0.8405056481979559
68,3,nan_euclidean,weights_sqr4,3822,15532,3058,1411,0.812408176971834,0.5555232558139535,0.7303649914007262,0.6310575414843557,0.8355029585798817
69,3,nan_euclidean,weights_sqr8,3850,15140,3450,1383,0.7971288250850019,0.5273972602739726,0.7357156506783872,0.6143780419692013,0.8144163528778914
70,3,minkowski,uniform,3696,15512,3078,1537,0.8062796457205221,0.545615589016829,0.7062870246512517,0.615640876155576,0.8344271113501883
71,3,minkowski,distance,3703,15524,3066,1530,0.8070771943080216,0.5470527404343329,0.7076246894706669,0.6170638226962173,0.8350726196880043
72,3,minkowski,weights_sqr,3755,15625,2965,1478,0.8134995592494648,0.5587797619047619,0.7175616281291802,0.6282941520957083,0.8405056481979559
73,3,minkowski,weights_sqr4,3822,15532,3058,1411,0.812408176971834,0.5555232558139535,0.7303649914007262,0.6310575414843557,0.8355029585798817
74,3,minkowski,weights_sqr8,3850,15140,3450,1383,0.7971288250850019,0.5273972602739726,0.7357156506783872,0.6143780419692013,0.8144163528778914
75,3,chebyshev,uniform,3684,14992,3598,1549,0.7839482852705368,0.5059049711617687,0.7039938849608255,0.5887335197762684,0.8064550833781603
76,3,chebyshev,distance,3701,15004,3586,1532,0.7851655962725098,0.5078907643749142,0.7072424995222626,0.5912140575079872,0.8071005917159764
77,3,chebyshev,weights_sqr,3754,15082,3508,1479,0.7906644839021114,0.5169374827871109,0.717370533154978,0.6008803521408562,0.8112963959117805
78,3,chebyshev,weights_sqr4,3823,14866,3724,1410,0.7844939764093523,0.5065588975751955,0.7305560863749283,0.5982785602503913,0.799677245831092
79,3,chebyshev,weights_sqr8,3814,14500,4090,1419,0.7687528858665995,0.4825404858299595,0.7288362316071088,0.5806500723148359,0.7799892415277031
80,3,cosine,uniform,3773,15329,3261,1460,0.8018301641271041,0.5363946545351151,0.7210013376648194,0.6151463275454472,0.8245831091984939
81,3,cosine,distance,3818,15470,3120,1415,0.8096377450363095,0.5503026808878639,0.7296006115039174,0.6273929833210089,0.8321678321678322
82,3,cosine,weights_sqr,3886,15436,3154,1347,0.8110649372455191,0.5519886363636364,0.7425950697496656,0.6332600016295935,0.8303388918773534
83,3,cosine,weights_sqr4,3899,15118,3472,1334,0.7982621836040801,0.5289648622981956,0.7450793044142939,0.6186924785782292,0.8132329209252286
84,3,cosine,weights_sqr8,3869,14875,3715,1364,0.7868026696889561,0.5101529535864979,0.7393464551882285,0.6037294218615901,0.800161377084454
85,3,euclidean,uniform,3696,15512,3078,1537,0.8062796457205221,0.545615589016829,0.7062870246512517,0.615640876155576,0.8344271113501883
86,3,euclidean,distance,3703,15524,3066,1530,0.8070771943080216,0.5470527404343329,0.7076246894706669,0.6170638226962173,0.8350726196880043
87,3,euclidean,weights_sqr,3755,15625,2965,1478,0.8134995592494648,0.5587797619047619,0.7175616281291802,0.6282941520957083,0.8405056481979559
88,3,euclidean,weights_sqr4,3822,15532,3058,1411,0.812408176971834,0.5555232558139535,0.7303649914007262,0.6310575414843557,0.8355029585798817
89,3,euclidean,weights_sqr8,3850,15140,3450,1383,0.7971288250850019,0.5273972602739726,0.7357156506783872,0.6143780419692013,0.8144163528778914
90,4,manhattan,uniform,2653,17374,1216,2580,0.8406581874658943,0.6857069010080125,0.5069749665583795,0.5829488024609976,0.9345884884346423
91,4,manhattan,distance,3723,15812,2778,1510,0.8200058766738026,0.5726811259806184,0.7114465889547105,0.6345662178285324,0.8505648197955891
92,4,manhattan,weights_sqr,3737,15788,2802,1496,0.8195861142593293,0.5714941122495795,0.714121918593541,0.6348963642541624,0.8492738031199569
93,4,manhattan,weights_sqr4,3755,15622,2968,1478,0.8133736305251228,0.5585304179681689,0.7175616281291802,0.62813650050184,0.8403442711135019
94,4,manhattan,weights_sqr8,3762,15224,3366,1471,0.7969609201192125,0.5277777777777778,0.7188992929485954,0.6086886174257746,0.8189349112426035
95,4,nan_euclidean,uniform,2703,17363,1227,2530,0.8422952608823406,0.6877862595419847,0.5165297152684885,0.5899814471243043,0.9339967724583109
96,4,nan_euclidean,distance,3813,15796,2794,1420,0.8231121185409058,0.5771151808687756,0.7286451366329065,0.6440878378378379,0.8497041420118343
97,4,nan_euclidean,weights_sqr,3814,15772,2818,1419,0.822146664987617,0.5750904704463209,0.7288362316071088,0.6428992836072481,0.8484131253362023
98,4,nan_euclidean,weights_sqr4,3840,15637,2953,1393,0.8175712546698568,0.5652877962608568,0.7338047009363654,0.6386163312822218,0.8411511565357719
99,4,nan_euclidean,weights_sqr8,3880,15180,3410,1353,0.8000671619863158,0.532235939643347,0.7414484999044525,0.6196598259203067,0.8165680473372781
100,4,minkowski,uniform,2703,17363,1227,2530,0.8422952608823406,0.6877862595419847,0.5165297152684885,0.5899814471243043,0.9339967724583109
101,4,minkowski,distance,3813,15796,2794,1420,0.8231121185409058,0.5771151808687756,0.7286451366329065,0.6440878378378379,0.8497041420118343
102,4,minkowski,weights_sqr,3814,15772,2818,1419,0.822146664987617,0.5750904704463209,0.7288362316071088,0.6428992836072481,0.8484131253362023
103,4,minkowski,weights_sqr4,3840,15637,2953,1393,0.8175712546698568,0.5652877962608568,0.7338047009363654,0.6386163312822218,0.8411511565357719
104,4,minkowski,weights_sqr8,3880,15180,3410,1353,0.8000671619863158,0.532235939643347,0.7414484999044525,0.6196598259203067,0.8165680473372781
105,4,chebyshev,uniform,2710,16968,1622,2523,0.8260084792007724,0.6255771006463527,0.5178673800879037,0.5666492420282279,0.9127487896718666
106,4,chebyshev,distance,3787,15225,3365,1446,0.7980523023968434,0.5295022371364653,0.7236766673036499,0.611546225272507,0.8189887036040883
107,4,chebyshev,weights_sqr,3808,15206,3384,1425,0.798136254879738,0.5294771968854283,0.7276896617618956,0.6129577464788732,0.8179666487358795
108,4,chebyshev,weights_sqr4,3818,15007,3583,1415,0.7902027452461906,0.5158762329414944,0.7296006115039174,0.604400823175558,0.8072619688004303
109,4,chebyshev,weights_sqr8,3814,14581,4009,1419,0.7721529614238342,0.48753675060718393,0.7288362316071088,0.5842524509803921,0.7843464228079613
110,4,cosine,uniform,2822,17244,1346,2411,0.8422952608823406,0.677063339731286,0.5392700171985477,0.6003616636528029,0.9275954814416353
111,4,cosine,distance,3891,15614,2976,1342,0.8187465894303824,0.5666229794670161,0.7435505446206765,0.6431404958677686,0.8399139322216246
112,4,cosine,weights_sqr,3894,15495,3095,1339,0.8138773454224909,0.5571612533981972,0.744123829543283,0.6372115856651939,0.833512641204949
113,4,cosine,weights_sqr4,3930,15174,3416,1303,0.8019141166099988,0.534985025864416,0.7510032486145615,0.6248509420462676,0.8162452931683701
114,4,cosine,weights_sqr8,3880,14897,3693,1353,0.7881878856567183,0.5123464941238611,0.7414484999044525,0.605965953459316,0.8013448090371167
115,4,euclidean,uniform,2703,17363,1227,2530,0.8422952608823406,0.6877862595419847,0.5165297152684885,0.5899814471243043,0.9339967724583109
116,4,euclidean,distance,3813,15796,2794,1420,0.8231121185409058,0.5771151808687756,0.7286451366329065,0.6440878378378379,0.8497041420118343
117,4,euclidean,weights_sqr,3814,15772,2818,1419,0.822146664987617,0.5750904704463209,0.7288362316071088,0.6428992836072481,0.8484131253362023
118,4,euclidean,weights_sqr4,3840,15637,2953,1393,0.8175712546698568,0.5652877962608568,0.7338047009363654,0.6386163312822218,0.8411511565357719
119,4,euclidean,weights_sqr8,3880,15180,3410,1353,0.8000671619863158,0.532235939643347,0.7414484999044525,0.6196598259203067,0.8165680473372781
120,5,manhattan,uniform,3550,15812,2778,1683,0.8127439869034127,0.5609987357774968,0.6783871584177336,0.6141337254562754,0.8505648197955891
121,5,manhattan,distance,3554,15823,2767,1679,0.8133736305251228,0.5622528080999841,0.6791515383145423,0.6151981997576595,0.8511565357719204
122,5,manhattan,weights_sqr,3630,15922,2668,1603,0.8207194727784074,0.5763734518894887,0.6936747563539079,0.6296071459543838,0.8564819795589026
123,5,manhattan,weights_sqr4,3746,15751,2839,1487,0.8184107794988037,0.5688686408504177,0.7158417733613606,0.6339482145879167,0.8472834857450242
124,5,manhattan,weights_sqr8,3765,15274,3316,1468,0.7991856609159216,0.5317045615026126,0.719472577871202,0.6114991067078123,0.821624529316837
125,5,nan_euclidean,uniform,3542,15865,2725,1691,0.814632917768543,0.5651827030477102,0.6768583986241162,0.616,0.8534158149542765
126,5,nan_euclidean,distance,3573,15877,2713,1660,0.8164378961507787,0.5684059815462934,0.6827823428243838,0.6203663512457679,0.8540613232920925
127,5,nan_euclidean,weights_sqr,3677,15947,2643,1556,0.823741762162616,0.5818037974683544,0.7026562201414103,0.6365446204449061,0.8578267885960194
128,5,nan_euclidean,weights_sqr4,3817,15746,2844,1416,0.8211812114343282,0.5730370815192914,0.7294095165297153,0.6418362199428284,0.8470145239376009
129,5,nan_euclidean,weights_sqr8,3877,15229,3361,1356,0.8019980690928934,0.5356452058579718,0.7408752149818459,0.6217624889744207,0.8192038730500268
130,5,minkowski,uniform,3542,15865,2725,1691,0.814632917768543,0.5651827030477102,0.6768583986241162,0.616,0.8534158149542765
131,5,minkowski,distance,3573,15877,2713,1660,0.8164378961507787,0.5684059815462934,0.6827823428243838,0.6203663512457679,0.8540613232920925
132,5,minkowski,weights_sqr,3677,15947,2643,1556,0.823741762162616,0.5818037974683544,0.7026562201414103,0.6365446204449061,0.8578267885960194
133,5,minkowski,weights_sqr4,3817,15746,2844,1416,0.8211812114343282,0.5730370815192914,0.7294095165297153,0.6418362199428284,0.8470145239376009
134,5,minkowski,weights_sqr8,3877,15229,3361,1356,0.8019980690928934,0.5356452058579718,0.7408752149818459,0.6217624889744207,0.8192038730500268
135,5,chebyshev,uniform,3595,15117,3473,1638,0.7854594299626412,0.5086304470854556,0.6869864322568316,0.5845053247703439,0.813179128563744
136,5,chebyshev,distance,3617,15279,3311,1616,0.7931830583889519,0.5220842956120092,0.6911905216892795,0.5948523970068251,0.8218934911242604
137,5,chebyshev,weights_sqr,3701,15419,3171,1532,0.8025857364731562,0.5385622817229336,0.7072424995222626,0.611482858323007,0.8294244217321141
138,5,chebyshev,weights_sqr4,3777,15154,3436,1456,0.7946522268396088,0.5236378760571191,0.7217657175616281,0.6069419893941829,0.8151694459386767
139,5,chebyshev,weights_sqr8,3816,14642,3948,1417,0.7747974646350165,0.49149922720247297,0.7292184215555131,0.5872124336385319,0.787627756858526
140,5,cosine,uniform,3637,15645,2945,1596,0.8093858875876254,0.5525676086295959,0.6950124211733232,0.6156580617858655,0.8415814954276493
141,5,cosine,distance,3755,15753,2837,1478,0.8188725181547244,0.569629854368932,0.7175616281291802,0.6350951374207189,0.8473910704679936
142,5,cosine,weights_sqr,3872,15644,2946,1361,0.8192083280863032,0.5679084775594015,0.7399197401108351,0.6426022736702347,0.8415277030661646
143,5,cosine,weights_sqr4,3923,15230,3360,1310,0.8039709524409184,0.5386516545379652,0.7496655837951461,0.6268775966762544,0.8192576654115116
144,5,cosine,weights_sqr8,3877,14906,3684,1356,0.7884397431054023,0.5127628620552837,0.7408752149818459,0.6060653431295919,0.8018289402904788
145,5,euclidean,uniform,3542,15865,2725,1691,0.814632917768543,0.5651827030477102,0.6768583986241162,0.616,0.8534158149542765
146,5,euclidean,distance,3573,15877,2713,1660,0.8164378961507787,0.5684059815462934,0.6827823428243838,0.6203663512457679,0.8540613232920925
147,5,euclidean,weights_sqr,3677,15947,2643,1556,0.823741762162616,0.5818037974683544,0.7026562201414103,0.6365446204449061,0.8578267885960194
148,5,euclidean,weights_sqr4,3817,15746,2844,1416,0.8211812114343282,0.5730370815192914,0.7294095165297153,0.6418362199428284,0.8470145239376009
149,5,euclidean,weights_sqr8,3877,15229,3361,1356,0.8019980690928934,0.5356452058579718,0.7408752149818459,0.6217624889744207,0.8192038730500268
150,6,manhattan,uniform,2844,17203,1387,2389,0.8414977122948412,0.6721815173717797,0.5434741066309956,0.6010143702451395,0.9253899946207639
151,6,manhattan,distance,3672,16028,2562,1561,0.8269319565126139,0.5890279114533205,0.7017007452703994,0.640446498648295,0.8621839698762775
152,6,manhattan,weights_sqr,3688,16006,2584,1545,0.8266800990639298,0.5880102040816326,0.7047582648576343,0.6411125597566275,0.8610005379236149
153,6,manhattan,weights_sqr4,3752,15803,2787,1481,0.8208454015027494,0.57378804098486,0.7169883432065737,0.637444784233775,0.850080688542227
154,6,manhattan,weights_sqr8,3790,15313,3277,1443,0.8018721403685514,0.5362954577614264,0.7242499522262564,0.616260162601626,0.8237224314147391
155,6,nan_euclidean,uniform,2744,17277,1313,2489,0.8404063300172102,0.6763618437268918,0.5243646092107778,0.5907427341227126,0.9293706293706294
156,6,nan_euclidean,distance,3707,16090,2500,1526,0.831003651933006,0.5972289350733043,0.7083890693674756,0.6480769230769231,0.865519096288327
157,6,nan_euclidean,weights_sqr,3738,16040,2550,1495,0.8302061033455065,0.5944656488549618,0.7143130135677431,0.6489020050342852,0.8628294782140936
158,6,nan_euclidean,weights_sqr4,3829,15807,2783,1404,0.8242454770599841,0.5790986085904416,0.7317026562201414,0.6465175179400592,0.8502958579881656
159,6,nan_euclidean,weights_sqr8,3872,15265,3325,1361,0.803299332577761,0.5380019452549674,0.7399197401108351,0.6230088495575221,0.8211403980634749
160,6,minkowski,uniform,2744,17277,1313,2489,0.8404063300172102,0.6763618437268918,0.5243646092107778,0.5907427341227126,0.9293706293706294
161,6,minkowski,distance,3707,16090,2500,1526,0.831003651933006,0.5972289350733043,0.7083890693674756,0.6480769230769231,0.865519096288327
162,6,minkowski,weights_sqr,3738,16040,2550,1495,0.8302061033455065,0.5944656488549618,0.7143130135677431,0.6489020050342852,0.8628294782140936
163,6,minkowski,weights_sqr4,3829,15807,2783,1404,0.8242454770599841,0.5790986085904416,0.7317026562201414,0.6465175179400592,0.8502958579881656
164,6,minkowski,weights_sqr8,3872,15265,3325,1361,0.803299332577761,0.5380019452549674,0.7399197401108351,0.6230088495575221,0.8211403980634749
165,6,chebyshev,uniform,2791,16820,1770,2442,0.8231960710238005,0.6119272089454068,0.5333460729982802,0.5699407800694303,0.9047875201721356
166,6,chebyshev,distance,3717,15454,3136,1516,0.8047265247869706,0.5423901940755873,0.7103000191094975,0.6150918418004302,0.8313071543840774
167,6,chebyshev,weights_sqr,3754,15441,3149,1479,0.8057339545817067,0.5438215268723743,0.717370533154978,0.61865524060646,0.8306078536847767
168,6,chebyshev,weights_sqr4,3792,15204,3386,1441,0.7973806825336859,0.5282808581777654,0.7246321421746608,0.6110708242687938,0.8178590640129102
169,6,chebyshev,weights_sqr8,3813,14660,3930,1420,0.7754271082567267,0.4924447888415343,0.7286451366329065,0.5877003699136869,0.7885960193652501
170,6,cosine,uniform,2854,17130,1460,2379,0.8388532090836587,0.6615669911914697,0.5453850563730174,0.5978841520896617,0.921463152232383
171,6,cosine,distance,3811,15817,2773,1422,0.8239096671284053,0.5788274605103281,0.7282629466845022,0.6450029618346449,0.8508337816030124
172,6,cosine,weights_sqr,3871,15647,2943,1362,0.8192922805691978,0.5680950983269739,0.739728645136633,0.6426496223126089,0.8416890801506186
173,6,cosine,weights_sqr4,3928,15266,3324,1305,0.8056919783402594,0.5416436845008273,0.750621058666157,0.6292350820985183,0.8211941904249597
174,6,cosine,weights_sqr8,3881,14908,3682,1352,0.7886916005540864,0.513156154964961,0.7416395948786547,0.6065958111909971,0.8019365250134481
175,6,euclidean,uniform,2744,17277,1313,2489,0.8404063300172102,0.6763618437268918,0.5243646092107778,0.5907427341227126,0.9293706293706294
176,6,euclidean,distance,3707,16090,2500,1526,0.831003651933006,0.5972289350733043,0.7083890693674756,0.6480769230769231,0.865519096288327
177,6,euclidean,weights_sqr,3738,16040,2550,1495,0.8302061033455065,0.5944656488549618,0.7143130135677431,0.6489020050342852,0.8628294782140936
178,6,euclidean,weights_sqr4,3829,15807,2783,1404,0.8242454770599841,0.5790986085904416,0.7317026562201414,0.6465175179400592,0.8502958579881656
179,6,euclidean,weights_sqr8,3872,15265,3325,1361,0.803299332577761,0.5380019452549674,0.7399197401108351,0.6230088495575221,0.8211403980634749
180,7,manhattan,uniform,3595,15496,3094,1638,0.8013684254711834,0.5374495440275079,0.6869864322568316,0.60308673041436,0.8335664335664336
181,7,manhattan,distance,3611,15635,2955,1622,0.8078747428955211,0.5499543100822418,0.6900439518440665,0.6120857699805068,0.8410435718128025
182,7,manhattan,weights_sqr,3647,15857,2733,1586,0.8187046131889351,0.5716300940438871,0.696923370915345,0.6280892103676913,0.8529854760623992
183,7,manhattan,weights_sqr4,3748,15787,2803,1485,0.8200058766738026,0.5721263929171119,0.7162239633097649,0.6361167684996605,0.8492200107584723
184,7,manhattan,weights_sqr8,3778,15320,3270,1455,0.8016622591613147,0.536038592508513,0.7219568125358303,0.615259343701653,0.8240989779451318
185,7,nan_euclidean,uniform,3622,15427,3163,1611,0.799605423330395,0.5338246131171702,0.6921459965602904,0.602762522882343,0.8298547606239914
186,7,nan_euclidean,distance,3651,15687,2903,1582,0.8117365571086765,0.5570643881599023,0.6976877508121536,0.6194960549758208,0.8438407746100054
187,7,nan_euclidean,weights_sqr,3716,15869,2721,1517,0.8221046887461697,0.5772875563150536,0.7101089241352952,0.6368466152527849,0.8536309844002151
188,7,nan_euclidean,weights_sqr4,3814,15774,2816,1419,0.8222306174705117,0.5752639517345399,0.7288362316071088,0.6430076709095508,0.8485207100591716
189,7,nan_euclidean,weights_sqr8,3869,15264,3326,1364,0.8031314276119716,0.5377345378735233,0.7393464551882285,0.6226263276472482,0.8210866057019903
190,7,minkowski,uniform,3622,15427,3163,1611,0.799605423330395,0.5338246131171702,0.6921459965602904,0.602762522882343,0.8298547606239914
191,7,minkowski,distance,3651,15687,2903,1582,0.8117365571086765,0.5570643881599023,0.6976877508121536,0.6194960549758208,0.8438407746100054
192,7,minkowski,weights_sqr,3716,15869,2721,1517,0.8221046887461697,0.5772875563150536,0.7101089241352952,0.6368466152527849,0.8536309844002151
193,7,minkowski,weights_sqr4,3814,15774,2816,1419,0.8222306174705117,0.5752639517345399,0.7288362316071088,0.6430076709095508,0.8485207100591716
194,7,minkowski,weights_sqr8,3869,15264,3326,1364,0.8031314276119716,0.5377345378735233,0.7393464551882285,0.6226263276472482,0.8210866057019903
195,7,chebyshev,uniform,3624,14792,3798,1609,0.7730344624942282,0.48827809215844786,0.6925281865086949,0.5727380482022916,0.7956966110812265
196,7,chebyshev,distance,3658,15266,3324,1575,0.7943583931494774,0.5239186479518763,0.6990254156315688,0.5989357347523536,0.8211941904249597
197,7,chebyshev,weights_sqr,3712,15502,3088,1521,0.8065315031692062,0.5458823529411765,0.7093445442384865,0.616969999168952,0.8338891877353416
198,7,chebyshev,weights_sqr4,3787,15227,3363,1446,0.798136254879738,0.5296503496503496,0.7236766673036499,0.6116449971735443,0.8190962883270576
199,7,chebyshev,weights_sqr8,3813,14689,3901,1420,0.7766444192586995,0.4942960850401867,0.7286451366329065,0.5890167606395303,0.7901559978483056
200,7,cosine,uniform,3677,15212,3378,1556,0.7928892246988205,0.5211906449326719,0.7026562201414103,0.5984700520833333,0.8182894029047875
201,7,cosine,distance,3772,15692,2898,1461,0.8170255635310414,0.5655172413793104,0.7208102426906172,0.6337898008905317,0.8441097364174287
202,7,cosine,weights_sqr,3862,15641,2949,1371,0.8186626369474878,0.5670239318749082,0.7380087903688133,0.6413151776818332,0.8413663259817106
203,7,cosine,weights_sqr4,3918,15245,3345,1315,0.8043907148553918,0.5394465097067328,0.7487101089241353,0.6270806658130601,0.8200645508337816
204,7,cosine,weights_sqr8,3879,14920,3670,1354,0.7891113629685598,0.5138428930984237,0.7412574049302504,0.606947269597872,0.8025820333512641
205,7,euclidean,uniform,3622,15427,3163,1611,0.799605423330395,0.5338246131171702,0.6921459965602904,0.602762522882343,0.8298547606239914
206,7,euclidean,distance,3651,15687,2903,1582,0.8117365571086765,0.5570643881599023,0.6976877508121536,0.6194960549758208,0.8438407746100054
207,7,euclidean,weights_sqr,3716,15869,2721,1517,0.8221046887461697,0.5772875563150536,0.7101089241352952,0.6368466152527849,0.8536309844002151
208,7,euclidean,weights_sqr4,3814,15774,2816,1419,0.8222306174705117,0.5752639517345399,0.7288362316071088,0.6430076709095508,0.8485207100591716
209,7,euclidean,weights_sqr8,3869,15264,3326,1364,0.8031314276119716,0.5377345378735233,0.7393464551882285,0.6226263276472482,0.8210866057019903
210,8,manhattan,uniform,2965,16892,1698,2268,0.8335222264198464,0.635856744585031,0.5665965985094592,0.5992320129345189,0.9086605701990318
211,8,manhattan,distance,3690,15946,2644,1543,0.8242454770599841,0.5825702557625513,0.7051404548060386,0.6380219590213538,0.8577729962345347
212,8,manhattan,weights_sqr,3692,15942,2648,1541,0.8241615245770894,0.5823343848580441,0.7055226447544429,0.6380368098159509,0.857557826788596
213,8,manhattan,weights_sqr4,3760,15806,2784,1473,0.8213071401586702,0.5745721271393643,0.7185171030001911,0.6385327332937081,0.850242065626681
214,8,manhattan,weights_sqr8,3790,15323,3267,1443,0.8022919027830248,0.5370554059798781,0.7242499522262564,0.6167615947925142,0.8242603550295858
215,8,nan_euclidean,uniform,2891,16851,1739,2342,0.8286949586534021,0.6244060475161987,0.552455570418498,0.5862313697657914,0.9064550833781603
216,8,nan_euclidean,distance,3722,15907,2683,1511,0.8239516433698527,0.5811085089773614,0.7112554939805084,0.6396288021996906,0.8556750941366326
217,8,nan_euclidean,weights_sqr,3771,15899,2691,1462,0.8256726692691936,0.5835654596100278,0.7206191477164151,0.6448909790508764,0.8552447552447553
218,8,nan_euclidean,weights_sqr4,3819,15746,2844,1414,0.8212651639172228,0.5731652408824853,0.7297917064781196,0.6420645595158035,0.8470145239376009
219,8,nan_euclidean,weights_sqr8,3871,15261,3329,1362,0.8030894513705242,0.5376388888888889,0.739728645136633,0.622697659454677,0.8209252286175364
220,8,minkowski,uniform,2891,16851,1739,2342,0.8286949586534021,0.6244060475161987,0.552455570418498,0.5862313697657914,0.9064550833781603
221,8,minkowski,distance,3722,15907,2683,1511,0.8239516433698527,0.5811085089773614,0.7112554939805084,0.6396288021996906,0.8556750941366326
222,8,minkowski,weights_sqr,3771,15899,2691,1462,0.8256726692691936,0.5835654596100278,0.7206191477164151,0.6448909790508764,0.8552447552447553
223,8,minkowski,weights_sqr4,3819,15746,2844,1414,0.8212651639172228,0.5731652408824853,0.7297917064781196,0.6420645595158035,0.8470145239376009
224,8,minkowski,weights_sqr8,3871,15261,3329,1362,0.8030894513705242,0.5376388888888889,0.739728645136633,0.622697659454677,0.8209252286175364
225,8,chebyshev,uniform,2795,16495,2095,2438,0.8097216975192041,0.5715746421267893,0.5341104528950888,0.5522078435246468,0.8873050026896181
226,8,chebyshev,distance,3731,15350,3240,1502,0.8009486630567099,0.5352173289341557,0.7129753487483279,0.6114388725008194,0.8257127487896718
227,8,chebyshev,weights_sqr,3773,15438,3152,1460,0.8064055744448642,0.5448375451263537,0.7210013376648194,0.6206612929758184,0.8304464766003228
228,8,chebyshev,weights_sqr4,3806,15245,3345,1427,0.7996893758132897,0.5322332540903371,0.7273074718134913,0.6146640826873385,0.8200645508337816
229,8,chebyshev,weights_sqr8,3812,14700,3890,1421,0.777064181673173,0.49493638016099717,0.7284540416587044,0.5894085813683805,0.7907477138246369
230,8,cosine,uniform,3010,16527,2063,2223,0.8200898291566973,0.5933372757737039,0.5751958723485572,0.5841257519891324,0.8890263582571275
231,8,cosine,distance,3846,15639,2951,1387,0.8179070646014356,0.5658378696483742,0.7349512707815784,0.6394014962593516,0.8412587412587412
232,8,cosine,weights_sqr,3893,15613,2977,1340,0.8187885656718298,0.5666666666666667,0.7439327345690808,0.6433115756424027,0.8398601398601399
233,8,cosine,weights_sqr4,3924,15246,3344,1309,0.8046845485455232,0.5399009356081453,0.7498566787693484,0.6277897768178546,0.8201183431952662
234,8,cosine,weights_sqr8,3881,14912,3678,1352,0.7888595055198757,0.5134277020769943,0.7416395948786547,0.6067854909318324,0.8021516944593867
235,8,euclidean,uniform,2891,16851,1739,2342,0.8286949586534021,0.6244060475161987,0.552455570418498,0.5862313697657914,0.9064550833781603
236,8,euclidean,distance,3722,15907,2683,1511,0.8239516433698527,0.5811085089773614,0.7112554939805084,0.6396288021996906,0.8556750941366326
237,8,euclidean,weights_sqr,3771,15899,2691,1462,0.8256726692691936,0.5835654596100278,0.7206191477164151,0.6448909790508764,0.8552447552447553
238,8,euclidean,weights_sqr4,3819,15746,2844,1414,0.8212651639172228,0.5731652408824853,0.7297917064781196,0.6420645595158035,0.8470145239376009
239,8,euclidean,weights_sqr8,3871,15261,3329,1362,0.8030894513705242,0.5376388888888889,0.739728645136633,0.622697659454677,0.8209252286175364
240,9,manhattan,uniform,3572,15592,2998,1661,0.8044326910968392,0.5436834094368341,0.6825912478501815,0.6052698466491572,0.8387305002689618
241,9,manhattan,distance,3598,15719,2871,1635,0.8108550560382823,0.5561910650796105,0.6875597171794382,0.614937617501282,0.8455621301775148
242,9,manhattan,weights_sqr,3656,15950,2640,1577,0.8229861898165638,0.5806861499364676,0.6986432256831645,0.6342267325873884,0.8579881656804734
243,9,manhattan,weights_sqr4,3752,15813,2777,1481,0.8212651639172228,0.5746668708837495,0.7169883432065737,0.6379867369494984,0.8506186121570737
244,9,manhattan,weights_sqr8,3783,15329,3261,1450,0.8022499265415775,0.537052810902896,0.7229122874068412,0.6162743341207134,0.8245831091984939
245,9,nan_euclidean,uniform,3526,15183,3407,1707,0.7853335012382991,0.5085821433722775,0.6738008790368814,0.5796481999013645,0.8167294244217321
246,9,nan_euclidean,distance,3692,15468,3122,1541,0.8042647861310498,0.5418256530672145,0.7055226447544429,0.6129326803353532,0.8320602474448628
247,9,nan_euclidean,weights_sqr,3765,15756,2834,1468,0.8194182092935398,0.5705409910592514,0.719472577871202,0.6364097363083164,0.8475524475524475
248,9,nan_euclidean,weights_sqr4,3824,15740,2850,1409,0.8212231876757755,0.5729697332933773,0.7307471813491305,0.6423112454858486,0.8466917697686929
249,9,nan_euclidean,weights_sqr8,3868,15265,3325,1365,0.8031314276119716,0.537745029890171,0.7391553602140264,0.6225655882826333,0.8211403980634749
250,9,minkowski,uniform,3526,15183,3407,1707,0.7853335012382991,0.5085821433722775,0.6738008790368814,0.5796481999013645,0.8167294244217321
251,9,minkowski,distance,3692,15468,3122,1541,0.8042647861310498,0.5418256530672145,0.7055226447544429,0.6129326803353532,0.8320602474448628
252,9,minkowski,weights_sqr,3765,15756,2834,1468,0.8194182092935398,0.5705409910592514,0.719472577871202,0.6364097363083164,0.8475524475524475
253,9,minkowski,weights_sqr4,3824,15740,2850,1409,0.8212231876757755,0.5729697332933773,0.7307471813491305,0.6423112454858486,0.8466917697686929
254,9,minkowski,weights_sqr8,3868,15265,3325,1365,0.8031314276119716,0.537745029890171,0.7391553602140264,0.6225655882826333,0.8211403980634749
255,9,chebyshev,uniform,3369,14206,4384,1864,0.7377324434370146,0.4345414678189088,0.6437989680871393,0.5188664715847836,0.7641742872512103
256,9,chebyshev,distance,3679,15046,3544,1554,0.7860051211014566,0.5093451474456597,0.7030384100898146,0.5907193320488119,0.8093598708983324
257,9,chebyshev,weights_sqr,3742,15420,3170,1491,0.8043487386139445,0.5413773148148148,0.7150773934645519,0.616220666941128,0.8294782140935987
258,9,chebyshev,weights_sqr4,3809,15257,3333,1424,0.8003190194349998,0.5333239988798656,0.7278807567360979,0.6155959595959597,0.8207100591715977
259,9,chebyshev,weights_sqr8,3815,14717,3873,1418,0.7779037065021198,0.49622788761706554,0.7290273265813109,0.5905115703118954,0.7916621839698763
260,9,cosine,uniform,3681,14560,4030,1552,0.7656886202409436,0.4773699909220594,0.703420600038219,0.5687577255871445,0.7832167832167832
261,9,cosine,distance,3865,15511,3079,1368,0.8133316542836755,0.5565956221198156,0.7385820752914198,0.634803317730147,0.8343733189887036
262,9,cosine,weights_sqr,3890,15596,2994,1343,0.8179490408428829,0.5650784427658339,0.7433594496464743,0.6420731204093423,0.8389456697149005
263,9,cosine,weights_sqr4,3919,15241,3349,1314,0.8042647861310498,0.5392129884424877,0.7489012038983375,0.6269898408127349,0.8198493813878429
264,9,cosine,weights_sqr8,3881,14913,3677,1352,0.7889014817613231,0.5134956337655464,0.7416395948786547,0.6068329294034869,0.8022054868208714
265,9,euclidean,uniform,3526,15183,3407,1707,0.7853335012382991,0.5085821433722775,0.6738008790368814,0.5796481999013645,0.8167294244217321
266,9,euclidean,distance,3692,15468,3122,1541,0.8042647861310498,0.5418256530672145,0.7055226447544429,0.6129326803353532,0.8320602474448628
267,9,euclidean,weights_sqr,3765,15756,2834,1468,0.8194182092935398,0.5705409910592514,0.719472577871202,0.6364097363083164,0.8475524475524475
268,9,euclidean,weights_sqr4,3824,15740,2850,1409,0.8212231876757755,0.5729697332933773,0.7307471813491305,0.6423112454858486,0.8466917697686929
269,9,euclidean,weights_sqr8,3868,15265,3325,1365,0.8031314276119716,0.537745029890171,0.7391553602140264,0.6225655882826333,0.8211403980634749
270,10,manhattan,uniform,3052,16687,1903,2181,0.8285690299290601,0.6159434914228052,0.5832218612650487,0.5991362387122104,0.8976331360946745
271,10,manhattan,distance,3658,15880,2710,1575,0.8201318053981447,0.5744346733668342,0.6990254156315688,0.6306352900612017,0.8542227003765466
272,10,manhattan,weights_sqr,3674,15935,2655,1559,0.8231121185409058,0.5805024490440828,0.7020829352188037,0.6355301850890849,0.8571812802582033
273,10,manhattan,weights_sqr4,3756,15814,2776,1477,0.8214750451244596,0.575015309246785,0.7177527231033823,0.638504037399065,0.8506724045185584
274,10,manhattan,weights_sqr8,3787,15331,3259,1446,0.8025017839902615,0.5374680669883621,0.7236766673036499,0.6168254743871651,0.8246906939214631
275,10,nan_euclidean,uniform,3034,16441,2149,2199,0.8174873021869622,0.5853752652903724,0.5797821517294095,0.5825652841781873,0.8844002151694459
276,10,nan_euclidean,distance,3685,15734,2856,1548,0.8151366326659111,0.5633695153646231,0.7041849799350277,0.6259554951588245,0.8463690155997848
277,10,nan_euclidean,weights_sqr,3760,15791,2799,1473,0.8206774965369601,0.5732581186156426,0.7185171030001911,0.6377204884667571,0.849435180204411
278,10,nan_euclidean,weights_sqr4,3818,15735,2855,1415,0.8207614490198548,0.5721564513711974,0.7296006115039174,0.6413572988409206,0.8464228079612695
279,10,nan_euclidean,weights_sqr8,3871,15274,3316,1362,0.8036351425093398,0.5386113816613329,0.739728645136633,0.6233494363929146,0.821624529316837
280,10,minkowski,uniform,3034,16441,2149,2199,0.8174873021869622,0.5853752652903724,0.5797821517294095,0.5825652841781873,0.8844002151694459
281,10,minkowski,distance,3685,15734,2856,1548,0.8151366326659111,0.5633695153646231,0.7041849799350277,0.6259554951588245,0.8463690155997848
282,10,minkowski,weights_sqr,3760,15791,2799,1473,0.8206774965369601,0.5732581186156426,0.7185171030001911,0.6377204884667571,0.849435180204411
283,10,minkowski,weights_sqr4,3818,15735,2855,1415,0.8207614490198548,0.5721564513711974,0.7296006115039174,0.6413572988409206,0.8464228079612695
284,10,minkowski,weights_sqr8,3871,15274,3316,1362,0.8036351425093398,0.5386113816613329,0.739728645136633,0.6233494363929146,0.821624529316837
285,10,chebyshev,uniform,2861,15949,2641,2372,0.7895731016244806,0.519992729916394,0.5467227211924326,0.5330228225430833,0.8579343733189887
286,10,chebyshev,distance,3625,15172,3418,1608,0.7890274104856652,0.514695442283118,0.692719281482897,0.5905832518735744,0.8161377084454008
287,10,chebyshev,weights_sqr,3771,15370,3220,1462,0.8034672375435503,0.5394078100414819,0.7206191477164151,0.6169829842931938,0.8267885960193653
288,10,chebyshev,weights_sqr4,3807,15272,3318,1426,0.8008647105738153,0.5343157894736842,0.7274985667876935,0.6161191131251011,0.8215169445938677
289,10,chebyshev,weights_sqr8,3814,14731,3859,1419,0.7784493976409352,0.49706763977583734,0.7288362316071088,0.5910429257709593,0.7924152770306616
290,10,cosine,uniform,3223,16021,2569,2010,0.8077907904126265,0.556457182320442,0.6158991018536213,0.5846712018140591,0.8618074233458849
291,10,cosine,distance,3861,15492,3098,1372,0.8123662007303866,0.5548210949849116,0.7378176953946112,0.6333661417322833,0.8333512641204949
292,10,cosine,weights_sqr,3893,15561,3029,1340,0.816605801116568,0.5624097081768276,0.7439327345690808,0.6405594405594407,0.8370629370629371
293,10,cosine,weights_sqr4,3924,15244,3346,1309,0.8046005960626286,0.5397524071526822,0.7498566787693484,0.6276893545549068,0.820010758472297
294,10,cosine,weights_sqr8,3878,14913,3677,1355,0.7887755530369811,0.513302448709464,0.7410663099560482,0.6065060994682515,0.8022054868208714
295,10,euclidean,uniform,3034,16441,2149,2199,0.8174873021869622,0.5853752652903724,0.5797821517294095,0.5825652841781873,0.8844002151694459
296,10,euclidean,distance,3685,15734,2856,1548,0.8151366326659111,0.5633695153646231,0.7041849799350277,0.6259554951588245,0.8463690155997848
297,10,euclidean,weights_sqr,3760,15791,2799,1473,0.8206774965369601,0.5732581186156426,0.7185171030001911,0.6377204884667571,0.849435180204411
298,10,euclidean,weights_sqr4,3818,15735,2855,1415,0.8207614490198548,0.5721564513711974,0.7296006115039174,0.6413572988409206,0.8464228079612695
299,10,euclidean,weights_sqr8,3871,15274,3316,1362,0.8036351425093398,0.5386113816613329,0.739728645136633,0.6233494363929146,0.821624529316837
300,11,manhattan,uniform,3590,15452,3138,1643,0.7993115896402636,0.5335909631391201,0.6860309573858208,0.6002842571691331,0.8311995696611081
301,11,manhattan,distance,3644,15653,2937,1589,0.8100155312093356,0.5537152408448565,0.6963500859927384,0.61689520907398,0.8420118343195266
302,11,manhattan,weights_sqr,3671,15909,2681,1562,0.821894807538933,0.5779282115869018,0.7015096502961972,0.6337505394907208,0.8557826788596019
303,11,manhattan,weights_sqr4,3745,15798,2792,1488,0.8203416866053813,0.5728927642649534,0.7156506783871585,0.6363636363636364,0.8498117267348037
304,11,manhattan,weights_sqr8,3778,15332,3258,1455,0.8021659740586828,0.5369528140989198,0.7219568125358303,0.6158611133751732,0.8247444862829478
305,11,nan_euclidean,uniform,3587,14535,4055,1646,0.76069344750871,0.46937974352263806,0.6854576724632142,0.5572038834951456,0.7818719741796665
306,11,nan_euclidean,distance,3698,15282,3308,1535,0.7967090626705284,0.527833285755067,0.706669214599656,0.604297736743198,0.8220548682087143
307,11,nan_euclidean,weights_sqr,3756,15707,2883,1477,0.8169835872895941,0.5657478535924085,0.7177527231033823,0.6327493261455527,0.8449166218396987
308,11,nan_euclidean,weights_sqr4,3808,15750,2840,1425,0.8209713302270915,0.5728038507821901,0.7276896617618956,0.6410234828718121,0.8472296933835395
309,11,nan_euclidean,weights_sqr8,3864,15277,3313,1369,0.8034672375435503,0.5383865124703915,0.7383909803172176,0.622723609991942,0.821785906401291
310,11,minkowski,uniform,3587,14535,4055,1646,0.76069344750871,0.46937974352263806,0.6854576724632142,0.5572038834951456,0.7818719741796665
311,11,minkowski,distance,3698,15282,3308,1535,0.7967090626705284,0.527833285755067,0.706669214599656,0.604297736743198,0.8220548682087143
312,11,minkowski,weights_sqr,3756,15707,2883,1477,0.8169835872895941,0.5657478535924085,0.7177527231033823,0.6327493261455527,0.8449166218396987
313,11,minkowski,weights_sqr4,3808,15750,2840,1425,0.8209713302270915,0.5728038507821901,0.7276896617618956,0.6410234828718121,0.8472296933835395
314,11,minkowski,weights_sqr8,3864,15277,3313,1369,0.8034672375435503,0.5383865124703915,0.7383909803172176,0.622723609991942,0.821785906401291
315,11,chebyshev,uniform,3293,14075,4515,1940,0.7290433614574151,0.4217469262295082,0.6292757500477737,0.50502262096465,0.7571274878967187
316,11,chebyshev,distance,3596,14917,3673,1637,0.7771061579146203,0.4947035355619755,0.6871775272310339,0.5752679571268597,0.8024206562668101
317,11,chebyshev,weights_sqr,3771,15315,3275,1462,0.8011585442639466,0.5351972750496736,0.7206191477164151,0.6142193989738579,0.8238300161377085
318,11,chebyshev,weights_sqr4,3812,15251,3339,1421,0.8001930907106578,0.5330722975807579,0.7284540416587044,0.6156330749354005,0.8203873050026896
319,11,chebyshev,weights_sqr8,3821,14734,3856,1412,0.7788691600554086,0.49772046372280837,0.730173896426524,0.5919442292796281,0.7925766541151157
320,11,cosine,uniform,3814,14069,4521,1419,0.7506611258027956,0.45758848230353927,0.7288362316071088,0.5622051886792453,0.7568047337278107
321,11,cosine,distance,3876,15462,3128,1357,0.8117365571086765,0.5533980582524272,0.7406841200076438,0.6334886001470948,0.8317374932759548
322,11,cosine,weights_sqr,3891,15589,3001,1342,0.8176971833941988,0.564567614625653,0.7435505446206765,0.6418144329896908,0.8385691231845078
323,11,cosine,weights_sqr4,3919,15257,3333,1314,0.8049364059942072,0.5404026475455047,0.7489012038983375,0.6277933520224269,0.8207100591715977
324,11,cosine,weights_sqr8,3878,14913,3677,1355,0.7887755530369811,0.513302448709464,0.7410663099560482,0.6065060994682515,0.8022054868208714
325,11,euclidean,uniform,3587,14535,4055,1646,0.76069344750871,0.46937974352263806,0.6854576724632142,0.5572038834951456,0.7818719741796665
326,11,euclidean,distance,3698,15282,3308,1535,0.7967090626705284,0.527833285755067,0.706669214599656,0.604297736743198,0.8220548682087143
327,11,euclidean,weights_sqr,3756,15707,2883,1477,0.8169835872895941,0.5657478535924085,0.7177527231033823,0.6327493261455527,0.8449166218396987
328,11,euclidean,weights_sqr4,3808,15750,2840,1425,0.8209713302270915,0.5728038507821901,0.7276896617618956,0.6410234828718121,0.8472296933835395
329,11,euclidean,weights_sqr8,3864,15277,3313,1369,0.8034672375435503,0.5383865124703915,0.7383909803172176,0.622723609991942,0.821785906401291
330,12,manhattan,uniform,3126,16495,2095,2107,0.8236158334382739,0.5987358743535721,0.5973628893560099,0.5980485938396787,0.8873050026896181
331,12,manhattan,distance,3640,15793,2797,1593,0.8157243000461739,0.5654808140438092,0.6955857060959296,0.62382176520994,0.8495427649273803
332,12,manhattan,weights_sqr,3668,15903,2687,1565,0.8215170213659069,0.577183320220299,0.7009363653735907,0.6330686917500863,0.8554599246906939
333,12,manhattan,weights_sqr4,3761,15819,2771,1472,0.821894807538933,0.575780771586038,0.7187081979743932,0.6393540161495962,0.8509413663259817
334,12,manhattan,weights_sqr8,3785,15340,3250,1448,0.8027956176803929,0.5380241648898365,0.7232944773552455,0.6170524942940984,0.8251748251748252
335,12,nan_euclidean,uniform,3229,15671,2919,2004,0.7933509633547412,0.5252114508783344,0.6170456716988343,0.5674369563307267,0.8429800968262506
336,12,nan_euclidean,distance,3713,15298,3292,1520,0.798010326155396,0.5300499643112063,0.7095356392126887,0.6067984964863541,0.8229155459924691
337,12,nan_euclidean,weights_sqr,3779,15713,2877,1454,0.818200898291567,0.5677584134615384,0.7221479075100324,0.6357136849188325,0.8452393760086068
338,12,nan_euclidean,weights_sqr4,3822,15742,2848,1411,0.8212231876757755,0.5730134932533734,0.7303649914007262,0.6421910442745528,0.8467993544916622
339,12,nan_euclidean,weights_sqr8,3874,15276,3314,1359,0.8038450237165764,0.5389538119087368,0.7403019300592394,0.6237823041623057,0.8217321140398064
340,12,minkowski,uniform,3229,15671,2919,2004,0.7933509633547412,0.5252114508783344,0.6170456716988343,0.5674369563307267,0.8429800968262506
341,12,minkowski,distance,3713,15298,3292,1520,0.798010326155396,0.5300499643112063,0.7095356392126887,0.6067984964863541,0.8229155459924691
342,12,minkowski,weights_sqr,3779,15713,2877,1454,0.818200898291567,0.5677584134615384,0.7221479075100324,0.6357136849188325,0.8452393760086068
343,12,minkowski,weights_sqr4,3822,15742,2848,1411,0.8212231876757755,0.5730134932533734,0.7303649914007262,0.6421910442745528,0.8467993544916622
344,12,minkowski,weights_sqr8,3874,15276,3314,1359,0.8038450237165764,0.5389538119087368,0.7403019300592394,0.6237823041623057,0.8217321140398064
345,12,chebyshev,uniform,2950,15106,3484,2283,0.7579230155731855,0.45850170966739195,0.5637301738964265,0.5056998371475101,0.8125874125874126
346,12,chebyshev,distance,3533,14846,3744,1700,0.7714813415606766,0.485502267417892,0.6751385438562966,0.5648281374900079,0.7986013986013986
347,12,chebyshev,weights_sqr,3769,15294,3296,1464,0.8001930907106578,0.5334748761500354,0.7202369577680107,0.6129451943405431,0.8227003765465304
348,12,chebyshev,weights_sqr4,3815,15274,3316,1418,0.8012844729882886,0.5349880802131538,0.7290273265813109,0.6171142025234552,0.821624529316837
349,12,chebyshev,weights_sqr8,3822,14732,3858,1411,0.7788271838139613,0.49765625,0.7303649914007262,0.5919615890962597,0.7924690693921463
350,12,cosine,uniform,3378,15295,3295,1855,0.7838223565461948,0.5062190918627304,0.6455188228549589,0.5674449857214849,0.8227541689080151
351,12,cosine,distance,3871,15470,3120,1362,0.8118624858330186,0.5537119153196968,0.739728645136633,0.6333442408376964,0.8321678321678322
352,12,cosine,weights_sqr,3898,15603,2987,1335,0.818578684464593,0.566158315177923,0.7448882094400917,0.6433404852285856,0.8393222162452931
353,12,cosine,weights_sqr4,3917,15253,3337,1316,0.8046845485455232,0.5399779432037497,0.7485190139499331,0.6273724673660607,0.820494889725659
354,12,cosine,weights_sqr8,3880,14915,3675,1353,0.7889434580027704,0.513567174056916,0.7414484999044525,0.6068188927119175,0.8023130715438408
355,12,euclidean,uniform,3229,15671,2919,2004,0.7933509633547412,0.5252114508783344,0.6170456716988343,0.5674369563307267,0.8429800968262506
356,12,euclidean,distance,3713,15298,3292,1520,0.798010326155396,0.5300499643112063,0.7095356392126887,0.6067984964863541,0.8229155459924691
357,12,euclidean,weights_sqr,3779,15713,2877,1454,0.818200898291567,0.5677584134615384,0.7221479075100324,0.6357136849188325,0.8452393760086068
358,12,euclidean,weights_sqr4,3822,15742,2848,1411,0.8212231876757755,0.5730134932533734,0.7303649914007262,0.6421910442745528,0.8467993544916622
359,12,euclidean,weights_sqr8,3874,15276,3314,1359,0.8038450237165764,0.5389538119087368,0.7403019300592394,0.6237823041623057,0.8217321140398064
360,13,manhattan,uniform,3589,15263,3327,1644,0.7913361037652689,0.5189415847310584,0.6858398624116185,0.5908305210305376,0.8210328133405056
361,13,manhattan,distance,3647,15558,3032,1586,0.8061537169961802,0.5460398263213055,0.696923370915345,0.6123237071860308,0.836901559978483
362,13,manhattan,weights_sqr,3675,15870,2720,1558,0.820425639088276,0.5746677091477717,0.7022740301930059,0.632094943240454,0.8536847767616998
363,13,manhattan,weights_sqr4,3746,15820,2770,1487,0.8213071401586702,0.5748925721301412,0.7158417733613606,0.637671291173717,0.8509951586874663
364,13,manhattan,weights_sqr8,3783,15332,3258,1450,0.8023758552659195,0.5372816361312314,0.7229122874068412,0.6164249633371354,0.8247444862829478
365,13,nan_euclidean,uniform,3624,13909,4681,1609,0.7359694412962263,0.43636363636363634,0.6925281865086949,0.5353818880189097,0.7481979558902636
366,13,nan_euclidean,distance,3745,15102,3488,1488,0.7911262225580321,0.5177657956587861,0.7156506783871585,0.6008342692122574,0.8123722431414739
367,13,nan_euclidean,weights_sqr,3800,15660,2930,1433,0.816857658565252,0.5646359583952452,0.7261609019682782,0.6352921507982947,0.8423883808499193
368,13,nan_euclidean,weights_sqr4,3813,15745,2845,1420,0.8209713302270915,0.5726945028537098,0.7286451366329065,0.6413253721301825,0.8469607315761162
369,13,nan_euclidean,weights_sqr8,3870,15275,3315,1363,0.8036351425093398,0.5386221294363257,0.7395375501624307,0.6232887743598003,0.8216783216783217
370,13,minkowski,uniform,3624,13909,4681,1609,0.7359694412962263,0.43636363636363634,0.6925281865086949,0.5353818880189097,0.7481979558902636
371,13,minkowski,distance,3745,15102,3488,1488,0.7911262225580321,0.5177657956587861,0.7156506783871585,0.6008342692122574,0.8123722431414739
372,13,minkowski,weights_sqr,3800,15660,2930,1433,0.816857658565252,0.5646359583952452,0.7261609019682782,0.6352921507982947,0.8423883808499193
373,13,minkowski,weights_sqr4,3813,15745,2845,1420,0.8209713302270915,0.5726945028537098,0.7286451366329065,0.6413253721301825,0.8469607315761162
374,13,minkowski,weights_sqr8,3870,15275,3315,1363,0.8036351425093398,0.5386221294363257,0.7395375501624307,0.6232887743598003,0.8216783216783217
375,13,chebyshev,uniform,3252,13603,4987,1981,0.7075095495949293,0.39470809564267506,0.6214408561054844,0.4827790973871734,0.7317374932759548
376,13,chebyshev,distance,3491,14746,3844,1742,0.7655207152751543,0.47593728698023174,0.667112554939805,0.5555378739656269,0.7932221624529316
377,13,chebyshev,weights_sqr,3768,15279,3311,1465,0.7995214708475004,0.5322785704195507,0.7200458627938086,0.6120857699805068,0.8218934911242604
378,13,chebyshev,weights_sqr4,3814,15264,3326,1419,0.8008227343323678,0.5341736694677871,0.7288362316071088,0.6165036773619978,0.8210866057019903
379,13,chebyshev,weights_sqr8,3818,14742,3848,1415,0.7790790412626454,0.49804330811374903,0.7296006115039174,0.5919838747189705,0.793006993006993
380,13,cosine,uniform,3731,13427,5163,1502,0.7202283507534736,0.41949628963346075,0.7129753487483279,0.5282083952714661,0.722270037654653
381,13,cosine,distance,3876,15402,3188,1357,0.8092179826218361,0.5486976217440543,0.7406841200076438,0.6303976579653574,0.8285099515868747
382,13,cosine,weights_sqr,3887,15586,3004,1346,0.8174033497040675,0.5640690756058627,0.7427861647238677,0.6412075222698779,0.8384077461000538
383,13,cosine,weights_sqr4,3916,15262,3328,1317,0.805020358477102,0.5405853119823302,0.7483279189757309,0.627714995591889,0.820979020979021
384,13,cosine,weights_sqr8,3878,14914,3676,1355,0.7888175292784284,0.5133703997881917,0.7410663099560482,0.6065535309298505,0.8022592791823561
385,13,euclidean,uniform,3624,13909,4681,1609,0.7359694412962263,0.43636363636363634,0.6925281865086949,0.5353818880189097,0.7481979558902636
386,13,euclidean,distance,3745,15102,3488,1488,0.7911262225580321,0.5177657956587861,0.7156506783871585,0.6008342692122574,0.8123722431414739
387,13,euclidean,weights_sqr,3800,15660,2930,1433,0.816857658565252,0.5646359583952452,0.7261609019682782,0.6352921507982947,0.8423883808499193
388,13,euclidean,weights_sqr4,3813,15745,2845,1420,0.8209713302270915,0.5726945028537098,0.7286451366329065,0.6413253721301825,0.8469607315761162
389,13,euclidean,weights_sqr8,3870,15275,3315,1363,0.8036351425093398,0.5386221294363257,0.7395375501624307,0.6232887743598003,0.8216783216783217
390,14,manhattan,uniform,3226,16254,2336,2007,0.8176971833941988,0.5800071916576771,0.6164723867762277,0.5976841130152848,0.8743410435718127
391,14,manhattan,distance,3657,15705,2885,1576,0.8127439869034127,0.5590033628859676,0.6988343206573667,0.6211464968152867,0.8448090371167294
392,14,manhattan,weights_sqr,3669,15892,2698,1564,0.8210972589514335,0.5762525522223967,0.7011274603477928,0.6325862068965517,0.8548682087143625
393,14,manhattan,weights_sqr4,3760,15842,2748,1473,0.8228182848507745,0.5777504609711125,0.7185171030001911,0.6404905885358998,0.8521785906401291
394,14,manhattan,weights_sqr8,3790,15335,3255,1443,0.8027956176803929,0.5379701916252662,0.7242499522262564,0.6173643915947222,0.8249058633674018
395,14,nan_euclidean,uniform,3268,15097,3493,1965,0.7708936741804139,0.4833604496376276,0.6244983756927193,0.544939136234784,0.8121032813340505
396,14,nan_euclidean,distance,3762,15055,3535,1471,0.7898669353146119,0.5155543373989311,0.7188992929485954,0.6004788507581804,0.8098440021516945
397,14,nan_euclidean,weights_sqr,3766,15663,2927,1467,0.8155563950803845,0.5626774241745107,0.7196636728454041,0.6315612946503437,0.8425497579343734
398,14,nan_euclidean,weights_sqr4,3803,15761,2829,1430,0.8212231876757755,0.5734318455971049,0.7267341868908848,0.6410450906026127,0.8478214093598709
399,14,nan_euclidean,weights_sqr8,3870,15273,3317,1363,0.803551190026445,0.538472241547238,0.7395375501624307,0.6231884057971014,0.8215707369553523
400,14,minkowski,uniform,3268,15097,3493,1965,0.7708936741804139,0.4833604496376276,0.6244983756927193,0.544939136234784,0.8121032813340505
401,14,minkowski,distance,3762,15055,3535,1471,0.7898669353146119,0.5155543373989311,0.7188992929485954,0.6004788507581804,0.8098440021516945
402,14,minkowski,weights_sqr,3766,15663,2927,1467,0.8155563950803845,0.5626774241745107,0.7196636728454041,0.6315612946503437,0.8425497579343734
403,14,minkowski,weights_sqr4,3803,15761,2829,1430,0.8212231876757755,0.5734318455971049,0.7267341868908848,0.6410450906026127,0.8478214093598709
404,14,minkowski,weights_sqr8,3870,15273,3317,1363,0.803551190026445,0.538472241547238,0.7395375501624307,0.6231884057971014,0.8215707369553523
405,14,chebyshev,uniform,3008,14292,4298,2225,0.7261889770389959,0.41171639748152206,0.5748136824001528,0.4797830768003828,0.7688004303388919
406,14,chebyshev,distance,3497,14513,4077,1736,0.7559921084666079,0.46171111697913914,0.6682591247850181,0.5461075974076677,0.7806885422270038
407,14,chebyshev,weights_sqr,3767,15249,3341,1466,0.7982202073626328,0.5299662352279122,0.7198547678196063,0.6104853739567296,0.8202797202797203
408,14,chebyshev,weights_sqr4,3822,15287,3303,1411,0.8021239978172354,0.5364210526315789,0.7303649914007262,0.6185466904029778,0.8223238300161377
409,14,chebyshev,weights_sqr8,3819,14747,3843,1414,0.7793308987113294,0.4984338292873923,0.7297917064781196,0.592322605661109,0.7932759548144164
410,14,cosine,uniform,3435,14684,3906,1798,0.760567518784368,0.46791990192071925,0.6564112363844831,0.546365516144425,0.7898870360408822
411,14,cosine,distance,3889,15401,3189,1344,0.8097216975192041,0.5494489968917773,0.7431683546722722,0.6317927057103404,0.82845615922539
412,14,cosine,weights_sqr,3893,15608,2982,1340,0.818578684464593,0.5662545454545455,0.7439327345690808,0.6430459200528575,0.8395911780527165
413,14,cosine,weights_sqr4,3910,15261,3329,1323,0.8047265247869706,0.5401298521895289,0.7471813491305178,0.6270044900577293,0.8209252286175364
414,14,cosine,weights_sqr8,3877,14915,3675,1356,0.7888175292784284,0.5133739406779662,0.7408752149818459,0.6064919827923347,0.8023130715438408
415,14,euclidean,uniform,3268,15097,3493,1965,0.7708936741804139,0.4833604496376276,0.6244983756927193,0.544939136234784,0.8121032813340505
416,14,euclidean,distance,3762,15055,3535,1471,0.7898669353146119,0.5155543373989311,0.7188992929485954,0.6004788507581804,0.8098440021516945
417,14,euclidean,weights_sqr,3766,15663,2927,1467,0.8155563950803845,0.5626774241745107,0.7196636728454041,0.6315612946503437,0.8425497579343734
418,14,euclidean,weights_sqr4,3803,15761,2829,1430,0.8212231876757755,0.5734318455971049,0.7267341868908848,0.6410450906026127,0.8478214093598709
419,14,euclidean,weights_sqr8,3870,15273,3317,1363,0.803551190026445,0.538472241547238,0.7395375501624307,0.6231884057971014,0.8215707369553523
420,15,manhattan,uniform,3628,14967,3623,1605,0.7805482097133023,0.5003447800303407,0.6932925664055035,0.581223966677347,0.8051102743410435
421,15,manhattan,distance,3650,15532,3058,1583,0.8051882634428913,0.5441264162194395,0.6974966558379515,0.6113390838288252,0.8355029585798817
422,15,manhattan,weights_sqr,3668,15857,2733,1565,0.8195861142593293,0.5730354632088737,0.7009363653735907,0.6305655836341757,0.8529854760623992
423,15,manhattan,weights_sqr4,3747,15843,2747,1486,0.8223145699534063,0.5769941484447182,0.7160328683355628,0.6390381171655154,0.8522323830016137
424,15,manhattan,weights_sqr8,3785,15338,3252,1448,0.8027116651974983,0.5378712519539577,0.7232944773552455,0.6169519152404238,0.8250672404518559
425,15,nan_euclidean,uniform,3757,13594,4996,1476,0.7283297653528104,0.42922426596595453,0.7179438180775846,0.5372515372515373,0.7312533620225928
426,15,nan_euclidean,distance,3756,14909,3681,1477,0.7834865466146161,0.5050423557886244,0.7177527231033823,0.5928966061562747,0.8019903173749328
427,15,nan_euclidean,weights_sqr,3773,15625,2965,1460,0.814255131595517,0.5599584446423271,0.7210013376648194,0.6303566953470888,0.8405056481979559
428,15,nan_euclidean,weights_sqr4,3791,15750,2840,1442,0.8202577341224867,0.5717086412305836,0.7244410472004587,0.6390761968981794,0.8472296933835395
429,15,nan_euclidean,weights_sqr8,3873,15282,3308,1360,0.8040549049238132,0.5393399248015597,0.7401108350850373,0.623972933784437,0.8220548682087143
430,15,minkowski,uniform,3757,13594,4996,1476,0.7283297653528104,0.42922426596595453,0.7179438180775846,0.5372515372515373,0.7312533620225928
431,15,minkowski,distance,3756,14909,3681,1477,0.7834865466146161,0.5050423557886244,0.7177527231033823,0.5928966061562747,0.8019903173749328
432,15,minkowski,weights_sqr,3773,15625,2965,1460,0.814255131595517,0.5599584446423271,0.7210013376648194,0.6303566953470888,0.8405056481979559
433,15,minkowski,weights_sqr4,3791,15750,2840,1442,0.8202577341224867,0.5717086412305836,0.7244410472004587,0.6390761968981794,0.8472296933835395
434,15,minkowski,weights_sqr8,3873,15282,3308,1360,0.8040549049238132,0.5393399248015597,0.7401108350850373,0.623972933784437,0.8220548682087143
435,15,chebyshev,uniform,3304,13357,5233,1929,0.6993661587541452,0.3870212018273398,0.6313777947639977,0.4798838053740015,0.7185045723507262
436,15,chebyshev,distance,3417,14366,4224,1816,0.7464635016580615,0.4471927758146839,0.6529715268488439,0.5308373465900265,0.7727810650887574
437,15,chebyshev,weights_sqr,3744,15224,3366,1489,0.7962053477731604,0.5265822784810127,0.7154595834129562,0.606659645142996,0.8189349112426035
438,15,chebyshev,weights_sqr4,3799,15294,3296,1434,0.801452377954078,0.5354474982381959,0.7259698069940761,0.6163205710577547,0.8227003765465304
439,15,chebyshev,weights_sqr8,3819,14750,3840,1414,0.7794568274356715,0.49862906384645517,0.7297917064781196,0.5924604405833075,0.7934373318988703
440,15,cosine,uniform,3919,13162,5428,1314,0.7169961801620283,0.4192789130202204,0.7489012038983375,0.5375857338820301,0.7080150618612157
441,15,cosine,distance,3871,15360,3230,1362,0.807245099273811,0.5451344881002675,0.739728645136633,0.6276958002270148,0.8262506724045185
442,15,cosine,weights_sqr,3889,15603,2987,1344,0.818200898291567,0.5655904595695171,0.7431683546722722,0.6423321496407631,0.8393222162452931
443,15,cosine,weights_sqr4,3914,15265,3325,1319,0.8050623347185493,0.5406824146981627,0.7479457290273266,0.6276459268762027,0.8211403980634749
444,15,cosine,weights_sqr8,3877,14916,3674,1356,0.7888595055198757,0.5134419282214276,0.7408752149818459,0.6065394242803505,0.8023668639053254
445,15,euclidean,uniform,3757,13594,4996,1476,0.7283297653528104,0.42922426596595453,0.7179438180775846,0.5372515372515373,0.7312533620225928
446,15,euclidean,distance,3756,14909,3681,1477,0.7834865466146161,0.5050423557886244,0.7177527231033823,0.5928966061562747,0.8019903173749328
447,15,euclidean,weights_sqr,3773,15625,2965,1460,0.814255131595517,0.5599584446423271,0.7210013376648194,0.6303566953470888,0.8405056481979559
448,15,euclidean,weights_sqr4,3791,15750,2840,1442,0.8202577341224867,0.5717086412305836,0.7244410472004587,0.6390761968981794,0.8472296933835395
449,15,euclidean,weights_sqr8,3873,15282,3308,1360,0.8040549049238132,0.5393399248015597,0.7401108350850373,0.623972933784437,0.8220548682087143
450,16,manhattan,uniform,3258,16010,2580,1975,0.8087982202073626,0.5580678314491264,0.6225874259506975,0.5885647186342697,0.8612157073695536
451,16,manhattan,distance,3666,15562,3028,1567,0.807119170549469,0.5476546160740962,0.7005541754251863,0.6147396663033452,0.8371167294244217
452,16,manhattan,weights_sqr,3684,15874,2716,1549,0.8209713302270915,0.575625,0.7039938849608255,0.6333705836843462,0.8538999462076385
453,16,manhattan,weights_sqr4,3753,15845,2745,1480,0.8226503798849851,0.5775623268698061,0.7171794381807759,0.6398431506265451,0.8523399677245831
454,16,manhattan,weights_sqr8,3779,15344,3246,1454,0.8027116651974983,0.5379359430604982,0.7221479075100324,0.6165769293522597,0.8253899946207639
455,16,nan_euclidean,uniform,3429,14532,4058,1804,0.7539352726356882,0.4579938560170963,0.6552646665392701,0.5391509433962265,0.7817105970952125
456,16,nan_euclidean,distance,3755,14785,3805,1478,0.7782395164336985,0.4966931216931217,0.7175616281291802,0.5870397873837254,0.7953200645508338
457,16,nan_euclidean,weights_sqr,3758,15612,2978,1475,0.8130797968349914,0.5578978622327792,0.7181349130517868,0.6279555518422592,0.8398063474986552
458,16,nan_euclidean,weights_sqr4,3803,15758,2832,1430,0.8210972589514335,0.573172569706104,0.7267341868908848,0.6408830468486687,0.8476600322754169
459,16,nan_euclidean,weights_sqr8,3870,15274,3316,1363,0.8035931662678923,0.5385471750626217,0.7395375501624307,0.6232385860375231,0.821624529316837
460,16,minkowski,uniform,3429,14532,4058,1804,0.7539352726356882,0.4579938560170963,0.6552646665392701,0.5391509433962265,0.7817105970952125
461,16,minkowski,distance,3755,14785,3805,1478,0.7782395164336985,0.4966931216931217,0.7175616281291802,0.5870397873837254,0.7953200645508338
462,16,minkowski,weights_sqr,3758,15612,2978,1475,0.8130797968349914,0.5578978622327792,0.7181349130517868,0.6279555518422592,0.8398063474986552
463,16,minkowski,weights_sqr4,3803,15758,2832,1430,0.8210972589514335,0.573172569706104,0.7267341868908848,0.6408830468486687,0.8476600322754169
464,16,minkowski,weights_sqr8,3870,15274,3316,1363,0.8035931662678923,0.5385471750626217,0.7395375501624307,0.6232385860375231,0.821624529316837
465,16,chebyshev,uniform,2986,14113,4477,2247,0.7177517525080804,0.4001071954977891,0.570609592967705,0.4703843730308759,0.7591715976331361
466,16,chebyshev,distance,3383,14256,4334,1850,0.7404189228896445,0.4383827912401192,0.6464742977259698,0.5224710424710425,0.7668639053254438
467,16,chebyshev,weights_sqr,3730,15220,3370,1503,0.7954497754271083,0.5253521126760563,0.7127842537741257,0.6048812130057568,0.8187197417966648
468,16,chebyshev,weights_sqr4,3810,15286,3304,1423,0.80157830667842,0.5355636772561148,0.7280718517103,0.6171539645257957,0.822270037654653
469,16,chebyshev,weights_sqr8,3822,14754,3836,1411,0.7797506611258028,0.4990859232175503,0.7303649914007262,0.5929718408191761,0.793652501344809
470,16,cosine,uniform,3630,14167,4423,1603,0.7470511690383244,0.45076369055010557,0.6936747563539079,0.5464398615083547,0.7620763851533082
471,16,cosine,distance,3869,15339,3251,1364,0.8062796457205221,0.5433988764044944,0.7393464551882285,0.6264065409212337,0.8251210328133405
472,16,cosine,weights_sqr,3885,15610,2980,1348,0.818326827015909,0.5659140568099054,0.7424039747754634,0.6422549181682923,0.8396987627756859
473,16,cosine,weights_sqr4,3915,15263,3327,1318,0.805020358477102,0.5405965202982601,0.7481368240015288,0.6276553106212425,0.8210328133405056
474,16,cosine,weights_sqr8,3878,14916,3674,1355,0.7889014817613231,0.5135063559322034,0.7410663099560482,0.606648416112632,0.8023668639053254
475,16,euclidean,uniform,3429,14532,4058,1804,0.7539352726356882,0.4579938560170963,0.6552646665392701,0.5391509433962265,0.7817105970952125
476,16,euclidean,distance,3755,14785,3805,1478,0.7782395164336985,0.4966931216931217,0.7175616281291802,0.5870397873837254,0.7953200645508338
477,16,euclidean,weights_sqr,3758,15612,2978,1475,0.8130797968349914,0.5578978622327792,0.7181349130517868,0.6279555518422592,0.8398063474986552
478,16,euclidean,weights_sqr4,3803,15758,2832,1430,0.8210972589514335,0.573172569706104,0.7267341868908848,0.6408830468486687,0.8476600322754169
479,16,euclidean,weights_sqr8,3870,15274,3316,1363,0.8035931662678923,0.5385471750626217,0.7395375501624307,0.6232385860375231,0.821624529316837
480,17,manhattan,uniform,3609,14919,3671,1624,0.7777358015363305,0.49574175824175826,0.6896617618956622,0.5768400863102374,0.8025282409897795
481,17,manhattan,distance,3641,15581,3009,1592,0.806867313100785,0.5475187969924812,0.6957768010701318,0.6128082134141211,0.8381387842926304
482,17,manhattan,weights_sqr,3660,15880,2710,1573,0.8202157578810393,0.5745682888540031,0.6994076055799733,0.6308713263811084,0.8542227003765466
483,17,manhattan,weights_sqr4,3749,15859,2731,1484,0.8230701422994585,0.5785493827160494,0.7164150582839671,0.6401434303765047,0.8530930607853685
484,17,manhattan,weights_sqr8,3783,15344,3246,1450,0.8028795701632876,0.5381988903115663,0.7229122874068412,0.6170282172565649,0.8253899946207639
485,17,nan_euclidean,uniform,3708,13185,5405,1525,0.7091046467699282,0.4068912542521672,0.7085801643416778,0.5169385194479298,0.7092522861753631
486,17,nan_euclidean,distance,3722,14784,3806,1511,0.776812324224489,0.4944208289054198,0.7112554939805084,0.5833398636470496,0.7952662721893491
487,17,nan_euclidean,weights_sqr,3752,15560,3030,1481,0.8106451748310456,0.5532291359480979,0.7169883432065737,0.6245526425301706,0.8370091447014524
488,17,nan_euclidean,weights_sqr4,3806,15751,2839,1427,0.8209293539856442,0.5727614747930775,0.7273074718134913,0.6408486277151036,0.8472834857450242
489,17,nan_euclidean,weights_sqr8,3868,15280,3310,1365,0.8037610712336818,0.5388687656728894,0.7391553602140264,0.6233180243332528,0.821947283485745
490,17,minkowski,uniform,3708,13185,5405,1525,0.7091046467699282,0.4068912542521672,0.7085801643416778,0.5169385194479298,0.7092522861753631
491,17,minkowski,distance,3722,14784,3806,1511,0.776812324224489,0.4944208289054198,0.7112554939805084,0.5833398636470496,0.7952662721893491
492,17,minkowski,weights_sqr,3752,15560,3030,1481,0.8106451748310456,0.5532291359480979,0.7169883432065737,0.6245526425301706,0.8370091447014524
493,17,minkowski,weights_sqr4,3806,15751,2839,1427,0.8209293539856442,0.5727614747930775,0.7273074718134913,0.6408486277151036,0.8472834857450242
494,17,minkowski,weights_sqr8,3868,15280,3310,1365,0.8037610712336818,0.5388687656728894,0.7391553602140264,0.6233180243332528,0.821947283485745
495,17,chebyshev,uniform,3256,13137,5453,1977,0.6881165260462578,0.373866115512688,0.6222052360022932,0.467077894132836,0.706670252824099
496,17,chebyshev,distance,3311,14312,4278,1922,0.7397473030264871,0.43628936618790354,0.6327154595834129,0.5164560910934332,0.7698762775685852
497,17,chebyshev,weights_sqr,3705,15202,3388,1528,0.7936447970448726,0.5223459749048358,0.7080068794190713,0.6011682622099627,0.8177514792899409
498,17,chebyshev,weights_sqr4,3799,15282,3308,1434,0.8009486630567099,0.5345434079076966,0.7259698069940761,0.6157212317666125,0.8220548682087143
499,17,chebyshev,weights_sqr8,3818,14749,3841,1415,0.7793728749527767,0.4984984984984985,0.7296006115039174,0.5923053056158858,0.7933835395373857
500,17,cosine,uniform,3947,12580,6010,1286,0.6937413424002015,0.3964045395199357,0.7542518631759985,0.5196840026333114,0.6767079074771383
501,17,cosine,distance,3864,15327,3263,1369,0.8055660496159174,0.542163603199102,0.7383909803172176,0.6252427184466018,0.8244755244755245
502,17,cosine,weights_sqr,3880,15603,2987,1353,0.8178231121185409,0.565021115479831,0.7414484999044525,0.6413223140495868,0.8393222162452931
503,17,cosine,weights_sqr4,3912,15266,3324,1321,0.805020358477102,0.5406301824212272,0.7475635390789223,0.6274761408292565,0.8211941904249597
504,17,cosine,weights_sqr8,3878,14915,3675,1355,0.7888595055198757,0.5134383688600556,0.7410663099560482,0.6066009698107305,0.8023130715438408
505,17,euclidean,uniform,3708,13185,5405,1525,0.7091046467699282,0.4068912542521672,0.7085801643416778,0.5169385194479298,0.7092522861753631
506,17,euclidean,distance,3722,14784,3806,1511,0.776812324224489,0.4944208289054198,0.7112554939805084,0.5833398636470496,0.7952662721893491
507,17,euclidean,weights_sqr,3752,15560,3030,1481,0.8106451748310456,0.5532291359480979,0.7169883432065737,0.6245526425301706,0.8370091447014524
508,17,euclidean,weights_sqr4,3806,15751,2839,1427,0.8209293539856442,0.5727614747930775,0.7273074718134913,0.6408486277151036,0.8472834857450242
509,17,euclidean,weights_sqr8,3868,15280,3310,1365,0.8037610712336818,0.5388687656728894,0.7391553602140264,0.6233180243332528,0.821947283485745
510,18,manhattan,uniform,3296,15941,2649,1937,0.8074969567224951,0.5544154751892346,0.6298490349703803,0.5897298264448023,0.8575040344271113
511,18,manhattan,distance,3677,15497,3093,1556,0.8048524535113126,0.5431314623338257,0.7026562201414103,0.6126801632925103,0.8336202259279183
512,18,manhattan,weights_sqr,3686,15864,2726,1547,0.8206355202955128,0.5748596381784155,0.7043760749092299,0.6330613997423787,0.8533620225927918
513,18,manhattan,weights_sqr4,3750,15843,2747,1483,0.8224404986777484,0.5771894720640296,0.7166061532581693,0.639386189258312,0.8522323830016137
514,18,manhattan,weights_sqr8,3779,15345,3245,1454,0.8027536414389456,0.5380125284738041,0.7221479075100324,0.6166272334176389,0.8254437869822485
515,18,nan_euclidean,uniform,3409,13929,4661,1824,0.7277840742139948,0.42242874845105327,0.6514427670552264,0.5125159738404871,0.749273803119957
516,18,nan_euclidean,distance,3739,14527,4063,1494,0.7667380262771272,0.47923609330940786,0.7145041085419453,0.573686229382432,0.7814416352877891
517,18,nan_euclidean,weights_sqr,3749,15546,3044,1484,0.8099315787264408,0.5518916531723833,0.7164150582839671,0.6234824546815233,0.8362560516406671
518,18,nan_euclidean,weights_sqr4,3796,15750,2840,1437,0.8204676153297233,0.5720313441832429,0.7253965220714695,0.6396495071193867,0.8472296933835395
519,18,nan_euclidean,weights_sqr8,3868,15282,3308,1365,0.8038450237165764,0.5390189520624303,0.7391553602140264,0.6234184865823194,0.8220548682087143
520,18,minkowski,uniform,3409,13929,4661,1824,0.7277840742139948,0.42242874845105327,0.6514427670552264,0.5125159738404871,0.749273803119957
521,18,minkowski,distance,3739,14527,4063,1494,0.7667380262771272,0.47923609330940786,0.7145041085419453,0.573686229382432,0.7814416352877891
522,18,minkowski,weights_sqr,3749,15546,3044,1484,0.8099315787264408,0.5518916531723833,0.7164150582839671,0.6234824546815233,0.8362560516406671
523,18,minkowski,weights_sqr4,3796,15750,2840,1437,0.8204676153297233,0.5720313441832429,0.7253965220714695,0.6396495071193867,0.8472296933835395
524,18,minkowski,weights_sqr8,3868,15282,3308,1365,0.8038450237165764,0.5390189520624303,0.7391553602140264,0.6234184865823194,0.8220548682087143
525,18,chebyshev,uniform,3054,13626,4964,2179,0.7001637073416447,0.38089299077076577,0.583604051213453,0.4609463436721757,0.7329747175901022
526,18,chebyshev,distance,3300,14304,4286,1933,0.7389497544389876,0.4350118639599262,0.630613414867189,0.5148607535689212,0.7694459386767079
527,18,chebyshev,weights_sqr,3694,15208,3382,1539,0.7934349158376359,0.5220463538722442,0.7059048347028473,0.6002112275570719,0.8180742334588489
528,18,chebyshev,weights_sqr4,3809,15268,3322,1424,0.8007807580909205,0.534146683494601,0.7278807567360979,0.6161436428340343,0.821301775147929
529,18,chebyshev,weights_sqr8,3818,14755,3835,1415,0.7796247324014608,0.49888932444792894,0.7296006115039174,0.5925810957628433,0.7937062937062938
530,18,cosine,uniform,3667,13332,5258,1566,0.7135541283633463,0.41086834733893557,0.7007452703993885,0.5180110185054387,0.7171597633136094
531,18,cosine,distance,3855,15280,3310,1378,0.8032153800948663,0.5380321004884857,0.7366711255493981,0.6218744958864334,0.821947283485745
532,18,cosine,weights_sqr,3879,15588,3002,1354,0.8171514922553834,0.5637262025868333,0.7412574049302504,0.6404160475482912,0.8385153308230231
533,18,cosine,weights_sqr4,3912,15265,3325,1321,0.8049783822356547,0.5405554787895537,0.7475635390789223,0.6274258219727346,0.8211403980634749
534,18,cosine,weights_sqr8,3878,14916,3674,1355,0.7889014817613231,0.5135063559322034,0.7410663099560482,0.606648416112632,0.8023668639053254
535,18,euclidean,uniform,3409,13929,4661,1824,0.7277840742139948,0.42242874845105327,0.6514427670552264,0.5125159738404871,0.749273803119957
536,18,euclidean,distance,3739,14527,4063,1494,0.7667380262771272,0.47923609330940786,0.7145041085419453,0.573686229382432,0.7814416352877891
537,18,euclidean,weights_sqr,3749,15546,3044,1484,0.8099315787264408,0.5518916531723833,0.7164150582839671,0.6234824546815233,0.8362560516406671
538,18,euclidean,weights_sqr4,3796,15750,2840,1437,0.8204676153297233,0.5720313441832429,0.7253965220714695,0.6396495071193867,0.8472296933835395
539,18,euclidean,weights_sqr8,3868,15282,3308,1365,0.8038450237165764,0.5390189520624303,0.7391553602140264,0.6234184865823194,0.8220548682087143
540,19,manhattan,uniform,3595,15011,3579,1638,0.781009948369223,0.5011151379983273,0.6869864322568316,0.5795115660514225,0.807477138246369
541,19,manhattan,distance,3637,15542,3048,1596,0.8050623347185493,0.5440538519072551,0.6950124211733232,0.6103373049169324,0.8360408821947284
542,19,manhattan,weights_sqr,3661,15820,2770,1572,0.8177391596356463,0.5692738298864873,0.6995987005541754,0.6277434842249657,0.8509951586874663
543,19,manhattan,weights_sqr4,3746,15857,2733,1487,0.8228602610922218,0.5781756443895663,0.7158417733613606,0.6396857923497267,0.8529854760623992
544,19,manhattan,weights_sqr8,3779,15346,3244,1454,0.8027956176803929,0.5380891356969956,0.7221479075100324,0.616677545691906,0.8254975793437331
545,19,nan_euclidean,uniform,3684,13104,5486,1549,0.7046971414179575,0.4017448200654308,0.7039938849608255,0.5115600916475735,0.7048951048951049
546,19,nan_euclidean,distance,3704,14595,3995,1529,0.7681232422448894,0.48110144174568126,0.7078157844448691,0.5728425610887721,0.7850995158687466
547,19,nan_euclidean,weights_sqr,3765,15504,3086,1468,0.80884019644881,0.5495548095168589,0.719472577871202,0.6231380337636544,0.8339967724583109
548,19,nan_euclidean,weights_sqr4,3802,15761,2829,1431,0.8211812114343282,0.5733675162117328,0.7265430919166825,0.6409305461901551,0.8478214093598709
549,19,nan_euclidean,weights_sqr8,3867,15280,3310,1366,0.8037190949922344,0.5388045144210672,0.7389642652398242,0.6232070910556002,0.821947283485745
550,19,minkowski,uniform,3684,13104,5486,1549,0.7046971414179575,0.4017448200654308,0.7039938849608255,0.5115600916475735,0.7048951048951049
551,19,minkowski,distance,3704,14595,3995,1529,0.7681232422448894,0.48110144174568126,0.7078157844448691,0.5728425610887721,0.7850995158687466
552,19,minkowski,weights_sqr,3765,15504,3086,1468,0.80884019644881,0.5495548095168589,0.719472577871202,0.6231380337636544,0.8339967724583109
553,19,minkowski,weights_sqr4,3802,15761,2829,1431,0.8211812114343282,0.5733675162117328,0.7265430919166825,0.6409305461901551,0.8478214093598709
554,19,minkowski,weights_sqr8,3867,15280,3310,1366,0.8037190949922344,0.5388045144210672,0.7389642652398242,0.6232070910556002,0.821947283485745
555,19,chebyshev,uniform,3300,12981,5609,1933,0.6834151870041556,0.37041194297901,0.630613414867189,0.4666949512091642,0.6982786444324905
556,19,chebyshev,distance,3317,14258,4332,1916,0.7377324434370146,0.4336514577068898,0.633862029428626,0.5149821456295606,0.7669714900484131
557,19,chebyshev,weights_sqr,3693,15174,3416,1540,0.791965747386979,0.5194823463215642,0.7057137397286452,0.5984443364122508,0.8162452931683701
558,19,chebyshev,weights_sqr4,3809,15262,3328,1424,0.8005289006422365,0.5336976320582878,0.7278807567360979,0.6158447857720291,0.820979020979021
559,19,chebyshev,weights_sqr8,3819,14758,3832,1414,0.7797926373672501,0.4991504378512613,0.7297917064781196,0.5928283141881404,0.7938676707907477
560,19,cosine,uniform,3904,12569,6021,1329,0.6914746253620451,0.3933501259445844,0.7460347792853048,0.5151075339754585,0.6761161915008069
561,19,cosine,distance,3878,15203,3387,1355,0.8009486630567099,0.533792154163799,0.7410663099560482,0.62057929268683,0.8178052716514255
562,19,cosine,weights_sqr,3884,15592,2998,1349,0.8175292784284095,0.5643708224353385,0.7422128798012613,0.6411886091621956,0.8387305002689618
563,19,cosine,weights_sqr4,3910,15265,3325,1323,0.8048944297527599,0.5404284727021423,0.7471813491305178,0.6272056464549245,0.8211403980634749
564,19,cosine,weights_sqr8,3878,14915,3675,1355,0.7888595055198757,0.5134383688600556,0.7410663099560482,0.6066009698107305,0.8023130715438408
565,19,euclidean,uniform,3684,13104,5486,1549,0.7046971414179575,0.4017448200654308,0.7039938849608255,0.5115600916475735,0.7048951048951049
566,19,euclidean,distance,3704,14595,3995,1529,0.7681232422448894,0.48110144174568126,0.7078157844448691,0.5728425610887721,0.7850995158687466
567,19,euclidean,weights_sqr,3765,15504,3086,1468,0.80884019644881,0.5495548095168589,0.719472577871202,0.6231380337636544,0.8339967724583109
568,19,euclidean,weights_sqr4,3802,15761,2829,1431,0.8211812114343282,0.5733675162117328,0.7265430919166825,0.6409305461901551,0.8478214093598709
569,19,euclidean,weights_sqr8,3867,15280,3310,1366,0.8037190949922344,0.5388045144210672,0.7389642652398242,0.6232070910556002,0.821947283485745
570,20,manhattan,uniform,3309,15886,2704,1924,0.8057339545817067,0.5503076667221021,0.6323332696350086,0.5884759025431264,0.8545454545454545
571,20,manhattan,distance,3662,15488,3102,1571,0.8038450237165764,0.5413956238911887,0.6997897955283776,0.6104859548220388,0.8331360946745562
572,20,manhattan,weights_sqr,3676,15842,2748,1557,0.8192922805691978,0.5722291407222914,0.702465125167208,0.6306940036029852,0.8521785906401291
573,20,manhattan,weights_sqr4,3751,15839,2751,1482,0.8223145699534063,0.5768994155644417,0.7167972482323715,0.6392841925862803,0.8520172135556751
574,20,manhattan,weights_sqr8,3781,15346,3244,1452,0.8028795701632876,0.538220640569395,0.7225300974584369,0.616903246859194,0.8254975793437331
575,20,nan_euclidean,uniform,3357,14648,3942,1876,0.7557822272593712,0.4599260172626387,0.6415058283967132,0.535748483881264,0.7879505110274341
576,20,nan_euclidean,distance,3739,14563,4027,1494,0.7682491709692314,0.4814576358485707,0.7145041085419453,0.5752750211554736,0.7833781603012372
577,20,nan_euclidean,weights_sqr,3763,15451,3139,1470,0.8065315031692062,0.5452042886119965,0.7190903879227977,0.6201895344046148,0.8311457772996235
578,20,nan_euclidean,weights_sqr4,3805,15753,2837,1428,0.8209713302270915,0.5728696175850647,0.7271163768392891,0.6408421052631579,0.8473910704679936
579,20,nan_euclidean,weights_sqr8,3868,15285,3305,1365,0.8039709524409184,0.5392443886797713,0.7391553602140264,0.6235692406899886,0.8222162452931684
580,20,minkowski,uniform,3357,14648,3942,1876,0.7557822272593712,0.4599260172626387,0.6415058283967132,0.535748483881264,0.7879505110274341
581,20,minkowski,distance,3739,14563,4027,1494,0.7682491709692314,0.4814576358485707,0.7145041085419453,0.5752750211554736,0.7833781603012372
582,20,minkowski,weights_sqr,3763,15451,3139,1470,0.8065315031692062,0.5452042886119965,0.7190903879227977,0.6201895344046148,0.8311457772996235
583,20,minkowski,weights_sqr4,3805,15753,2837,1428,0.8209713302270915,0.5728696175850647,0.7271163768392891,0.6408421052631579,0.8473910704679936
584,20,minkowski,weights_sqr8,3868,15285,3305,1365,0.8039709524409184,0.5392443886797713,0.7391553602140264,0.6235692406899886,0.8222162452931684
585,20,chebyshev,uniform,2653,14947,3643,2580,0.7387818494731981,0.4213786531130877,0.5069749665583795,0.4602307225258045,0.8040344271113502
586,20,chebyshev,distance,3314,14251,4339,1919,0.7373126810225412,0.4330327975957141,0.6332887445060195,0.5143566661493094,0.7665949435180205
587,20,chebyshev,weights_sqr,3674,15128,3462,1559,0.7892372916929018,0.514854260089686,0.7020829352188037,0.594065809685504,0.8137708445400753
588,20,chebyshev,weights_sqr4,3811,15267,3323,1422,0.8008227343323678,0.5342024109896272,0.7282629466845022,0.6163176194711734,0.8212479827864443
589,20,chebyshev,weights_sqr8,3822,14758,3832,1411,0.7799185660915922,0.4993467467990593,0.7303649914007262,0.5931558935361216,0.7938676707907477
590,20,cosine,uniform,3632,14065,4525,1601,0.7428535448935902,0.4452617383842099,0.6940569463023123,0.5424943988050784,0.756589564281872
591,20,cosine,distance,3858,15167,3423,1375,0.7985979935356589,0.5298722702925422,0.7372444104720046,0.6165894198497683,0.8158687466379774
592,20,cosine,weights_sqr,3881,15573,3017,1352,0.816605801116568,0.5626268483618441,0.7416395948786547,0.6398483224795979,0.8377084454007531
593,20,cosine,weights_sqr4,3910,15267,3323,1323,0.8049783822356547,0.5405779068159823,0.7471813491305178,0.6273062730627306,0.8212479827864443
594,20,cosine,weights_sqr8,3878,14915,3675,1355,0.7888595055198757,0.5134383688600556,0.7410663099560482,0.6066009698107305,0.8023130715438408
595,20,euclidean,uniform,3357,14648,3942,1876,0.7557822272593712,0.4599260172626387,0.6415058283967132,0.535748483881264,0.7879505110274341
596,20,euclidean,distance,3739,14563,4027,1494,0.7682491709692314,0.4814576358485707,0.7145041085419453,0.5752750211554736,0.7833781603012372
597,20,euclidean,weights_sqr,3763,15451,3139,1470,0.8065315031692062,0.5452042886119965,0.7190903879227977,0.6201895344046148,0.8311457772996235
598,20,euclidean,weights_sqr4,3805,15753,2837,1428,0.8209713302270915,0.5728696175850647,0.7271163768392891,0.6408421052631579,0.8473910704679936
599,20,euclidean,weights_sqr8,3868,15285,3305,1365,0.8039709524409184,0.5392443886797713,0.7391553602140264,0.6235692406899886,0.8222162452931684
