,k,metric,weights,valeur
0,1,manhattan,uniform,0.4960682393709183
1,1,manhattan,distance,0.4960682393709183
2,1,manhattan,weights_sqr,0.4960682393709183
3,1,manhattan,weights_sqr4,0.4960682393709183
4,1,manhattan,weights_sqr8,0.4960682393709183
5,1,nan_euclidean,uniform,0.49753118503118504
6,1,nan_euclidean,distance,0.49753118503118504
7,1,nan_euclidean,weights_sqr,0.49753118503118504
8,1,nan_euclidean,weights_sqr4,0.49753118503118504
9,1,nan_euclidean,weights_sqr8,0.49753118503118504
10,1,minkowski,uniform,0.49753118503118504
11,1,minkowski,distance,0.49753118503118504
12,1,minkowski,weights_sqr,0.49753118503118504
13,1,minkowski,weights_sqr4,0.49753118503118504
14,1,minkowski,weights_sqr8,0.49753118503118504
15,1,chebyshev,uniform,0.46056166056166054
16,1,chebyshev,distance,0.46056166056166054
17,1,chebyshev,weights_sqr,0.46056166056166054
18,1,chebyshev,weights_sqr4,0.46056166056166054
19,1,chebyshev,weights_sqr8,0.46056166056166054
20,1,cosine,uniform,0.5014330380406462
21,1,cosine,distance,0.5014330380406462
22,1,cosine,weights_sqr,0.5014330380406462
23,1,cosine,weights_sqr4,0.5014330380406462
24,1,cosine,weights_sqr8,0.5014330380406462
25,1,euclidean,uniform,0.49753118503118504
26,1,euclidean,distance,0.49753118503118504
27,1,euclidean,weights_sqr,0.49753118503118504
28,1,euclidean,weights_sqr4,0.49753118503118504
29,1,euclidean,weights_sqr8,0.49753118503118504
30,2,manhattan,uniform,0.74002849002849
31,2,manhattan,distance,0.4960682393709183
32,2,manhattan,weights_sqr,0.4960682393709183
33,2,manhattan,weights_sqr4,0.4960682393709183
34,2,manhattan,weights_sqr8,0.4960682393709183
35,2,nan_euclidean,uniform,0.7477734235838974
36,2,nan_euclidean,distance,0.49753118503118504
37,2,nan_euclidean,weights_sqr,0.49753118503118504
38,2,nan_euclidean,weights_sqr4,0.49753118503118504
39,2,nan_euclidean,weights_sqr8,0.49753118503118504
40,2,minkowski,uniform,0.7477734235838974
41,2,minkowski,distance,0.49753118503118504
42,2,minkowski,weights_sqr,0.49753118503118504
43,2,minkowski,weights_sqr4,0.49753118503118504
44,2,minkowski,weights_sqr8,0.49753118503118504
45,2,chebyshev,uniform,0.6644538322269161
46,2,chebyshev,distance,0.46056166056166054
47,2,chebyshev,weights_sqr,0.46056166056166054
48,2,chebyshev,weights_sqr4,0.46056166056166054
49,2,chebyshev,weights_sqr8,0.46056166056166054
50,2,cosine,uniform,0.742517006802721
51,2,cosine,distance,0.5014330380406462
52,2,cosine,weights_sqr,0.5014330380406462
53,2,cosine,weights_sqr4,0.5014330380406462
54,2,cosine,weights_sqr8,0.5014330380406462
55,2,euclidean,uniform,0.7477734235838974
56,2,euclidean,distance,0.49753118503118504
57,2,euclidean,weights_sqr,0.49753118503118504
58,2,euclidean,weights_sqr4,0.49753118503118504
59,2,euclidean,weights_sqr8,0.49753118503118504
60,3,manhattan,uniform,0.5471329930951666
61,3,manhattan,distance,0.5480624812255933
62,3,manhattan,weights_sqr,0.5549872122762148
63,3,manhattan,weights_sqr4,0.554408728988499
64,3,manhattan,weights_sqr8,0.5250523377529658
65,3,nan_euclidean,uniform,0.545615589016829
66,3,nan_euclidean,distance,0.5470527404343329
67,3,nan_euclidean,weights_sqr,0.5587797619047619
68,3,nan_euclidean,weights_sqr4,0.5555232558139535
69,3,nan_euclidean,weights_sqr8,0.5273972602739726
70,3,minkowski,uniform,0.545615589016829
71,3,minkowski,distance,0.5470527404343329
72,3,minkowski,weights_sqr,0.5587797619047619
73,3,minkowski,weights_sqr4,0.5555232558139535
74,3,minkowski,weights_sqr8,0.5273972602739726
75,3,chebyshev,uniform,0.5059049711617687
76,3,chebyshev,distance,0.5078907643749142
77,3,chebyshev,weights_sqr,0.5169374827871109
78,3,chebyshev,weights_sqr4,0.5065588975751955
79,3,chebyshev,weights_sqr8,0.4825404858299595
80,3,cosine,uniform,0.5363946545351151
81,3,cosine,distance,0.5503026808878639
82,3,cosine,weights_sqr,0.5519886363636364
83,3,cosine,weights_sqr4,0.5289648622981956
84,3,cosine,weights_sqr8,0.5101529535864979
85,3,euclidean,uniform,0.545615589016829
86,3,euclidean,distance,0.5470527404343329
87,3,euclidean,weights_sqr,0.5587797619047619
88,3,euclidean,weights_sqr4,0.5555232558139535
89,3,euclidean,weights_sqr8,0.5273972602739726
90,4,manhattan,uniform,0.6857069010080125
91,4,manhattan,distance,0.5726811259806184
92,4,manhattan,weights_sqr,0.5714941122495795
93,4,manhattan,weights_sqr4,0.5585304179681689
94,4,manhattan,weights_sqr8,0.5277777777777778
95,4,nan_euclidean,uniform,0.6877862595419847
96,4,nan_euclidean,distance,0.5771151808687756
97,4,nan_euclidean,weights_sqr,0.5750904704463209
98,4,nan_euclidean,weights_sqr4,0.5652877962608568
99,4,nan_euclidean,weights_sqr8,0.532235939643347
100,4,minkowski,uniform,0.6877862595419847
101,4,minkowski,distance,0.5771151808687756
102,4,minkowski,weights_sqr,0.5750904704463209
103,4,minkowski,weights_sqr4,0.5652877962608568
104,4,minkowski,weights_sqr8,0.532235939643347
105,4,chebyshev,uniform,0.6255771006463527
106,4,chebyshev,distance,0.5295022371364653
107,4,chebyshev,weights_sqr,0.5294771968854283
108,4,chebyshev,weights_sqr4,0.5158762329414944
109,4,chebyshev,weights_sqr8,0.48753675060718393
110,4,cosine,uniform,0.677063339731286
111,4,cosine,distance,0.5666229794670161
112,4,cosine,weights_sqr,0.5571612533981972
113,4,cosine,weights_sqr4,0.534985025864416
114,4,cosine,weights_sqr8,0.5123464941238611
115,4,euclidean,uniform,0.6877862595419847
116,4,euclidean,distance,0.5771151808687756
117,4,euclidean,weights_sqr,0.5750904704463209
118,4,euclidean,weights_sqr4,0.5652877962608568
119,4,euclidean,weights_sqr8,0.532235939643347
120,5,manhattan,uniform,0.5609987357774968
121,5,manhattan,distance,0.5622528080999841
122,5,manhattan,weights_sqr,0.5763734518894887
123,5,manhattan,weights_sqr4,0.5688686408504177
124,5,manhattan,weights_sqr8,0.5317045615026126
125,5,nan_euclidean,uniform,0.5651827030477102
126,5,nan_euclidean,distance,0.5684059815462934
127,5,nan_euclidean,weights_sqr,0.5818037974683544
128,5,nan_euclidean,weights_sqr4,0.5730370815192914
129,5,nan_euclidean,weights_sqr8,0.5356452058579718
130,5,minkowski,uniform,0.5651827030477102
131,5,minkowski,distance,0.5684059815462934
132,5,minkowski,weights_sqr,0.5818037974683544
133,5,minkowski,weights_sqr4,0.5730370815192914
134,5,minkowski,weights_sqr8,0.5356452058579718
135,5,chebyshev,uniform,0.5086304470854556
136,5,chebyshev,distance,0.5220842956120092
137,5,chebyshev,weights_sqr,0.5385622817229336
138,5,chebyshev,weights_sqr4,0.5236378760571191
139,5,chebyshev,weights_sqr8,0.49149922720247297
140,5,cosine,uniform,0.5525676086295959
141,5,cosine,distance,0.569629854368932
142,5,cosine,weights_sqr,0.5679084775594015
143,5,cosine,weights_sqr4,0.5386516545379652
144,5,cosine,weights_sqr8,0.5127628620552837
145,5,euclidean,uniform,0.5651827030477102
146,5,euclidean,distance,0.5684059815462934
147,5,euclidean,weights_sqr,0.5818037974683544
148,5,euclidean,weights_sqr4,0.5730370815192914
149,5,euclidean,weights_sqr8,0.5356452058579718
150,6,manhattan,uniform,0.6721815173717797
151,6,manhattan,distance,0.5890279114533205
152,6,manhattan,weights_sqr,0.5880102040816326
153,6,manhattan,weights_sqr4,0.57378804098486
154,6,manhattan,weights_sqr8,0.5362954577614264
155,6,nan_euclidean,uniform,0.6763618437268918
156,6,nan_euclidean,distance,0.5972289350733043
157,6,nan_euclidean,weights_sqr,0.5944656488549618
158,6,nan_euclidean,weights_sqr4,0.5790986085904416
159,6,nan_euclidean,weights_sqr8,0.5380019452549674
160,6,minkowski,uniform,0.6763618437268918
161,6,minkowski,distance,0.5972289350733043
162,6,minkowski,weights_sqr,0.5944656488549618
163,6,minkowski,weights_sqr4,0.5790986085904416
164,6,minkowski,weights_sqr8,0.5380019452549674
165,6,chebyshev,uniform,0.6119272089454068
166,6,chebyshev,distance,0.5423901940755873
167,6,chebyshev,weights_sqr,0.5438215268723743
168,6,chebyshev,weights_sqr4,0.5282808581777654
169,6,chebyshev,weights_sqr8,0.4924447888415343
170,6,cosine,uniform,0.6615669911914697
171,6,cosine,distance,0.5788274605103281
172,6,cosine,weights_sqr,0.5680950983269739
173,6,cosine,weights_sqr4,0.5416436845008273
174,6,cosine,weights_sqr8,0.513156154964961
175,6,euclidean,uniform,0.6763618437268918
176,6,euclidean,distance,0.5972289350733043
177,6,euclidean,weights_sqr,0.5944656488549618
178,6,euclidean,weights_sqr4,0.5790986085904416
179,6,euclidean,weights_sqr8,0.5380019452549674
180,7,manhattan,uniform,0.5374495440275079
181,7,manhattan,distance,0.5499543100822418
182,7,manhattan,weights_sqr,0.5716300940438871
183,7,manhattan,weights_sqr4,0.5721263929171119
184,7,manhattan,weights_sqr8,0.536038592508513
185,7,nan_euclidean,uniform,0.5338246131171702
186,7,nan_euclidean,distance,0.5570643881599023
187,7,nan_euclidean,weights_sqr,0.5772875563150536
188,7,nan_euclidean,weights_sqr4,0.5752639517345399
189,7,nan_euclidean,weights_sqr8,0.5377345378735233
190,7,minkowski,uniform,0.5338246131171702
191,7,minkowski,distance,0.5570643881599023
192,7,minkowski,weights_sqr,0.5772875563150536
193,7,minkowski,weights_sqr4,0.5752639517345399
194,7,minkowski,weights_sqr8,0.5377345378735233
195,7,chebyshev,uniform,0.48827809215844786
196,7,chebyshev,distance,0.5239186479518763
197,7,chebyshev,weights_sqr,0.5458823529411765
198,7,chebyshev,weights_sqr4,0.5296503496503496
199,7,chebyshev,weights_sqr8,0.4942960850401867
200,7,cosine,uniform,0.5211906449326719
201,7,cosine,distance,0.5655172413793104
202,7,cosine,weights_sqr,0.5670239318749082
203,7,cosine,weights_sqr4,0.5394465097067328
204,7,cosine,weights_sqr8,0.5138428930984237
205,7,euclidean,uniform,0.5338246131171702
206,7,euclidean,distance,0.5570643881599023
207,7,euclidean,weights_sqr,0.5772875563150536
208,7,euclidean,weights_sqr4,0.5752639517345399
209,7,euclidean,weights_sqr8,0.5377345378735233
210,8,manhattan,uniform,0.635856744585031
211,8,manhattan,distance,0.5825702557625513
212,8,manhattan,weights_sqr,0.5823343848580441
213,8,manhattan,weights_sqr4,0.5745721271393643
214,8,manhattan,weights_sqr8,0.5370554059798781
215,8,nan_euclidean,uniform,0.6244060475161987
216,8,nan_euclidean,distance,0.5811085089773614
217,8,nan_euclidean,weights_sqr,0.5835654596100278
218,8,nan_euclidean,weights_sqr4,0.5731652408824853
219,8,nan_euclidean,weights_sqr8,0.5376388888888889
220,8,minkowski,uniform,0.6244060475161987
221,8,minkowski,distance,0.5811085089773614
222,8,minkowski,weights_sqr,0.5835654596100278
223,8,minkowski,weights_sqr4,0.5731652408824853
224,8,minkowski,weights_sqr8,0.5376388888888889
225,8,chebyshev,uniform,0.5715746421267893
226,8,chebyshev,distance,0.5352173289341557
227,8,chebyshev,weights_sqr,0.5448375451263537
228,8,chebyshev,weights_sqr4,0.5322332540903371
229,8,chebyshev,weights_sqr8,0.49493638016099717
230,8,cosine,uniform,0.5933372757737039
231,8,cosine,distance,0.5658378696483742
232,8,cosine,weights_sqr,0.5666666666666667
233,8,cosine,weights_sqr4,0.5399009356081453
234,8,cosine,weights_sqr8,0.5134277020769943
235,8,euclidean,uniform,0.6244060475161987
236,8,euclidean,distance,0.5811085089773614
237,8,euclidean,weights_sqr,0.5835654596100278
238,8,euclidean,weights_sqr4,0.5731652408824853
239,8,euclidean,weights_sqr8,0.5376388888888889
240,9,manhattan,uniform,0.5436834094368341
241,9,manhattan,distance,0.5561910650796105
242,9,manhattan,weights_sqr,0.5806861499364676
243,9,manhattan,weights_sqr4,0.5746668708837495
244,9,manhattan,weights_sqr8,0.537052810902896
245,9,nan_euclidean,uniform,0.5085821433722775
246,9,nan_euclidean,distance,0.5418256530672145
247,9,nan_euclidean,weights_sqr,0.5705409910592514
248,9,nan_euclidean,weights_sqr4,0.5729697332933773
249,9,nan_euclidean,weights_sqr8,0.537745029890171
250,9,minkowski,uniform,0.5085821433722775
251,9,minkowski,distance,0.5418256530672145
252,9,minkowski,weights_sqr,0.5705409910592514
253,9,minkowski,weights_sqr4,0.5729697332933773
254,9,minkowski,weights_sqr8,0.537745029890171
255,9,chebyshev,uniform,0.4345414678189088
256,9,chebyshev,distance,0.5093451474456597
257,9,chebyshev,weights_sqr,0.5413773148148148
258,9,chebyshev,weights_sqr4,0.5333239988798656
259,9,chebyshev,weights_sqr8,0.49622788761706554
260,9,cosine,uniform,0.4773699909220594
261,9,cosine,distance,0.5565956221198156
262,9,cosine,weights_sqr,0.5650784427658339
263,9,cosine,weights_sqr4,0.5392129884424877
264,9,cosine,weights_sqr8,0.5134956337655464
265,9,euclidean,uniform,0.5085821433722775
266,9,euclidean,distance,0.5418256530672145
267,9,euclidean,weights_sqr,0.5705409910592514
268,9,euclidean,weights_sqr4,0.5729697332933773
269,9,euclidean,weights_sqr8,0.537745029890171
270,10,manhattan,uniform,0.6159434914228052
271,10,manhattan,distance,0.5744346733668342
272,10,manhattan,weights_sqr,0.5805024490440828
273,10,manhattan,weights_sqr4,0.575015309246785
274,10,manhattan,weights_sqr8,0.5374680669883621
275,10,nan_euclidean,uniform,0.5853752652903724
276,10,nan_euclidean,distance,0.5633695153646231
277,10,nan_euclidean,weights_sqr,0.5732581186156426
278,10,nan_euclidean,weights_sqr4,0.5721564513711974
279,10,nan_euclidean,weights_sqr8,0.5386113816613329
280,10,minkowski,uniform,0.5853752652903724
281,10,minkowski,distance,0.5633695153646231
282,10,minkowski,weights_sqr,0.5732581186156426
283,10,minkowski,weights_sqr4,0.5721564513711974
284,10,minkowski,weights_sqr8,0.5386113816613329
285,10,chebyshev,uniform,0.519992729916394
286,10,chebyshev,distance,0.514695442283118
287,10,chebyshev,weights_sqr,0.5394078100414819
288,10,chebyshev,weights_sqr4,0.5343157894736842
289,10,chebyshev,weights_sqr8,0.49706763977583734
290,10,cosine,uniform,0.556457182320442
291,10,cosine,distance,0.5548210949849116
292,10,cosine,weights_sqr,0.5624097081768276
293,10,cosine,weights_sqr4,0.5397524071526822
294,10,cosine,weights_sqr8,0.513302448709464
295,10,euclidean,uniform,0.5853752652903724
296,10,euclidean,distance,0.5633695153646231
297,10,euclidean,weights_sqr,0.5732581186156426
298,10,euclidean,weights_sqr4,0.5721564513711974
299,10,euclidean,weights_sqr8,0.5386113816613329
300,11,manhattan,uniform,0.5335909631391201
301,11,manhattan,distance,0.5537152408448565
302,11,manhattan,weights_sqr,0.5779282115869018
303,11,manhattan,weights_sqr4,0.5728927642649534
304,11,manhattan,weights_sqr8,0.5369528140989198
305,11,nan_euclidean,uniform,0.46937974352263806
306,11,nan_euclidean,distance,0.527833285755067
307,11,nan_euclidean,weights_sqr,0.5657478535924085
308,11,nan_euclidean,weights_sqr4,0.5728038507821901
309,11,nan_euclidean,weights_sqr8,0.5383865124703915
310,11,minkowski,uniform,0.46937974352263806
311,11,minkowski,distance,0.527833285755067
312,11,minkowski,weights_sqr,0.5657478535924085
313,11,minkowski,weights_sqr4,0.5728038507821901
314,11,minkowski,weights_sqr8,0.5383865124703915
315,11,chebyshev,uniform,0.4217469262295082
316,11,chebyshev,distance,0.4947035355619755
317,11,chebyshev,weights_sqr,0.5351972750496736
318,11,chebyshev,weights_sqr4,0.5330722975807579
319,11,chebyshev,weights_sqr8,0.49772046372280837
320,11,cosine,uniform,0.45758848230353927
321,11,cosine,distance,0.5533980582524272
322,11,cosine,weights_sqr,0.564567614625653
323,11,cosine,weights_sqr4,0.5404026475455047
324,11,cosine,weights_sqr8,0.513302448709464
325,11,euclidean,uniform,0.46937974352263806
326,11,euclidean,distance,0.527833285755067
327,11,euclidean,weights_sqr,0.5657478535924085
328,11,euclidean,weights_sqr4,0.5728038507821901
329,11,euclidean,weights_sqr8,0.5383865124703915
330,12,manhattan,uniform,0.5987358743535721
331,12,manhattan,distance,0.5654808140438092
332,12,manhattan,weights_sqr,0.577183320220299
333,12,manhattan,weights_sqr4,0.575780771586038
334,12,manhattan,weights_sqr8,0.5380241648898365
335,12,nan_euclidean,uniform,0.5252114508783344
336,12,nan_euclidean,distance,0.5300499643112063
337,12,nan_euclidean,weights_sqr,0.5677584134615384
338,12,nan_euclidean,weights_sqr4,0.5730134932533734
339,12,nan_euclidean,weights_sqr8,0.5389538119087368
340,12,minkowski,uniform,0.5252114508783344
341,12,minkowski,distance,0.5300499643112063
342,12,minkowski,weights_sqr,0.5677584134615384
343,12,minkowski,weights_sqr4,0.5730134932533734
344,12,minkowski,weights_sqr8,0.5389538119087368
345,12,chebyshev,uniform,0.45850170966739195
346,12,chebyshev,distance,0.485502267417892
347,12,chebyshev,weights_sqr,0.5334748761500354
348,12,chebyshev,weights_sqr4,0.5349880802131538
349,12,chebyshev,weights_sqr8,0.49765625
350,12,cosine,uniform,0.5062190918627304
351,12,cosine,distance,0.5537119153196968
352,12,cosine,weights_sqr,0.566158315177923
353,12,cosine,weights_sqr4,0.5399779432037497
354,12,cosine,weights_sqr8,0.513567174056916
355,12,euclidean,uniform,0.5252114508783344
356,12,euclidean,distance,0.5300499643112063
357,12,euclidean,weights_sqr,0.5677584134615384
358,12,euclidean,weights_sqr4,0.5730134932533734
359,12,euclidean,weights_sqr8,0.5389538119087368
360,13,manhattan,uniform,0.5189415847310584
361,13,manhattan,distance,0.5460398263213055
362,13,manhattan,weights_sqr,0.5746677091477717
363,13,manhattan,weights_sqr4,0.5748925721301412
364,13,manhattan,weights_sqr8,0.5372816361312314
365,13,nan_euclidean,uniform,0.43636363636363634
366,13,nan_euclidean,distance,0.5177657956587861
367,13,nan_euclidean,weights_sqr,0.5646359583952452
368,13,nan_euclidean,weights_sqr4,0.5726945028537098
369,13,nan_euclidean,weights_sqr8,0.5386221294363257
370,13,minkowski,uniform,0.43636363636363634
371,13,minkowski,distance,0.5177657956587861
372,13,minkowski,weights_sqr,0.5646359583952452
373,13,minkowski,weights_sqr4,0.5726945028537098
374,13,minkowski,weights_sqr8,0.5386221294363257
375,13,chebyshev,uniform,0.39470809564267506
376,13,chebyshev,distance,0.47593728698023174
377,13,chebyshev,weights_sqr,0.5322785704195507
378,13,chebyshev,weights_sqr4,0.5341736694677871
379,13,chebyshev,weights_sqr8,0.49804330811374903
380,13,cosine,uniform,0.41949628963346075
381,13,cosine,distance,0.5486976217440543
382,13,cosine,weights_sqr,0.5640690756058627
383,13,cosine,weights_sqr4,0.5405853119823302
384,13,cosine,weights_sqr8,0.5133703997881917
385,13,euclidean,uniform,0.43636363636363634
386,13,euclidean,distance,0.5177657956587861
387,13,euclidean,weights_sqr,0.5646359583952452
388,13,euclidean,weights_sqr4,0.5726945028537098
389,13,euclidean,weights_sqr8,0.5386221294363257
390,14,manhattan,uniform,0.5800071916576771
391,14,manhattan,distance,0.5590033628859676
392,14,manhattan,weights_sqr,0.5762525522223967
393,14,manhattan,weights_sqr4,0.5777504609711125
394,14,manhattan,weights_sqr8,0.5379701916252662
395,14,nan_euclidean,uniform,0.4833604496376276
396,14,nan_euclidean,distance,0.5155543373989311
397,14,nan_euclidean,weights_sqr,0.5626774241745107
398,14,nan_euclidean,weights_sqr4,0.5734318455971049
399,14,nan_euclidean,weights_sqr8,0.538472241547238
400,14,minkowski,uniform,0.4833604496376276
401,14,minkowski,distance,0.5155543373989311
402,14,minkowski,weights_sqr,0.5626774241745107
403,14,minkowski,weights_sqr4,0.5734318455971049
404,14,minkowski,weights_sqr8,0.538472241547238
405,14,chebyshev,uniform,0.41171639748152206
406,14,chebyshev,distance,0.46171111697913914
407,14,chebyshev,weights_sqr,0.5299662352279122
408,14,chebyshev,weights_sqr4,0.5364210526315789
409,14,chebyshev,weights_sqr8,0.4984338292873923
410,14,cosine,uniform,0.46791990192071925
411,14,cosine,distance,0.5494489968917773
412,14,cosine,weights_sqr,0.5662545454545455
413,14,cosine,weights_sqr4,0.5401298521895289
414,14,cosine,weights_sqr8,0.5133739406779662
415,14,euclidean,uniform,0.4833604496376276
416,14,euclidean,distance,0.5155543373989311
417,14,euclidean,weights_sqr,0.5626774241745107
418,14,euclidean,weights_sqr4,0.5734318455971049
419,14,euclidean,weights_sqr8,0.538472241547238
420,15,manhattan,uniform,0.5003447800303407
421,15,manhattan,distance,0.5441264162194395
422,15,manhattan,weights_sqr,0.5730354632088737
423,15,manhattan,weights_sqr4,0.5769941484447182
424,15,manhattan,weights_sqr8,0.5378712519539577
425,15,nan_euclidean,uniform,0.42922426596595453
426,15,nan_euclidean,distance,0.5050423557886244
427,15,nan_euclidean,weights_sqr,0.5599584446423271
428,15,nan_euclidean,weights_sqr4,0.5717086412305836
429,15,nan_euclidean,weights_sqr8,0.5393399248015597
430,15,minkowski,uniform,0.42922426596595453
431,15,minkowski,distance,0.5050423557886244
432,15,minkowski,weights_sqr,0.5599584446423271
433,15,minkowski,weights_sqr4,0.5717086412305836
434,15,minkowski,weights_sqr8,0.5393399248015597
435,15,chebyshev,uniform,0.3870212018273398
436,15,chebyshev,distance,0.4471927758146839
437,15,chebyshev,weights_sqr,0.5265822784810127
438,15,chebyshev,weights_sqr4,0.5354474982381959
439,15,chebyshev,weights_sqr8,0.49862906384645517
440,15,cosine,uniform,0.4192789130202204
441,15,cosine,distance,0.5451344881002675
442,15,cosine,weights_sqr,0.5655904595695171
443,15,cosine,weights_sqr4,0.5406824146981627
444,15,cosine,weights_sqr8,0.5134419282214276
445,15,euclidean,uniform,0.42922426596595453
446,15,euclidean,distance,0.5050423557886244
447,15,euclidean,weights_sqr,0.5599584446423271
448,15,euclidean,weights_sqr4,0.5717086412305836
449,15,euclidean,weights_sqr8,0.5393399248015597
450,16,manhattan,uniform,0.5580678314491264
451,16,manhattan,distance,0.5476546160740962
452,16,manhattan,weights_sqr,0.575625
453,16,manhattan,weights_sqr4,0.5775623268698061
454,16,manhattan,weights_sqr8,0.5379359430604982
455,16,nan_euclidean,uniform,0.4579938560170963
456,16,nan_euclidean,distance,0.4966931216931217
457,16,nan_euclidean,weights_sqr,0.5578978622327792
458,16,nan_euclidean,weights_sqr4,0.573172569706104
459,16,nan_euclidean,weights_sqr8,0.5385471750626217
460,16,minkowski,uniform,0.4579938560170963
461,16,minkowski,distance,0.4966931216931217
462,16,minkowski,weights_sqr,0.5578978622327792
463,16,minkowski,weights_sqr4,0.573172569706104
464,16,minkowski,weights_sqr8,0.5385471750626217
465,16,chebyshev,uniform,0.4001071954977891
466,16,chebyshev,distance,0.4383827912401192
467,16,chebyshev,weights_sqr,0.5253521126760563
468,16,chebyshev,weights_sqr4,0.5355636772561148
469,16,chebyshev,weights_sqr8,0.4990859232175503
470,16,cosine,uniform,0.45076369055010557
471,16,cosine,distance,0.5433988764044944
472,16,cosine,weights_sqr,0.5659140568099054
473,16,cosine,weights_sqr4,0.5405965202982601
474,16,cosine,weights_sqr8,0.5135063559322034
475,16,euclidean,uniform,0.4579938560170963
476,16,euclidean,distance,0.4966931216931217
477,16,euclidean,weights_sqr,0.5578978622327792
478,16,euclidean,weights_sqr4,0.573172569706104
479,16,euclidean,weights_sqr8,0.5385471750626217
480,17,manhattan,uniform,0.49574175824175826
481,17,manhattan,distance,0.5475187969924812
482,17,manhattan,weights_sqr,0.5745682888540031
483,17,manhattan,weights_sqr4,0.5785493827160494
484,17,manhattan,weights_sqr8,0.5381988903115663
485,17,nan_euclidean,uniform,0.4068912542521672
486,17,nan_euclidean,distance,0.4944208289054198
487,17,nan_euclidean,weights_sqr,0.5532291359480979
488,17,nan_euclidean,weights_sqr4,0.5727614747930775
489,17,nan_euclidean,weights_sqr8,0.5388687656728894
490,17,minkowski,uniform,0.4068912542521672
491,17,minkowski,distance,0.4944208289054198
492,17,minkowski,weights_sqr,0.5532291359480979
493,17,minkowski,weights_sqr4,0.5727614747930775
494,17,minkowski,weights_sqr8,0.5388687656728894
495,17,chebyshev,uniform,0.373866115512688
496,17,chebyshev,distance,0.43628936618790354
497,17,chebyshev,weights_sqr,0.5223459749048358
498,17,chebyshev,weights_sqr4,0.5345434079076966
499,17,chebyshev,weights_sqr8,0.4984984984984985
500,17,cosine,uniform,0.3964045395199357
501,17,cosine,distance,0.542163603199102
502,17,cosine,weights_sqr,0.565021115479831
503,17,cosine,weights_sqr4,0.5406301824212272
504,17,cosine,weights_sqr8,0.5134383688600556
505,17,euclidean,uniform,0.4068912542521672
506,17,euclidean,distance,0.4944208289054198
507,17,euclidean,weights_sqr,0.5532291359480979
508,17,euclidean,weights_sqr4,0.5727614747930775
509,17,euclidean,weights_sqr8,0.5388687656728894
510,18,manhattan,uniform,0.5544154751892346
511,18,manhattan,distance,0.5431314623338257
512,18,manhattan,weights_sqr,0.5748596381784155
513,18,manhattan,weights_sqr4,0.5771894720640296
514,18,manhattan,weights_sqr8,0.5380125284738041
515,18,nan_euclidean,uniform,0.42242874845105327
516,18,nan_euclidean,distance,0.47923609330940786
517,18,nan_euclidean,weights_sqr,0.5518916531723833
518,18,nan_euclidean,weights_sqr4,0.5720313441832429
519,18,nan_euclidean,weights_sqr8,0.5390189520624303
520,18,minkowski,uniform,0.42242874845105327
521,18,minkowski,distance,0.47923609330940786
522,18,minkowski,weights_sqr,0.5518916531723833
523,18,minkowski,weights_sqr4,0.5720313441832429
524,18,minkowski,weights_sqr8,0.5390189520624303
525,18,chebyshev,uniform,0.38089299077076577
526,18,chebyshev,distance,0.4350118639599262
527,18,chebyshev,weights_sqr,0.5220463538722442
528,18,chebyshev,weights_sqr4,0.534146683494601
529,18,chebyshev,weights_sqr8,0.49888932444792894
530,18,cosine,uniform,0.41086834733893557
531,18,cosine,distance,0.5380321004884857
532,18,cosine,weights_sqr,0.5637262025868333
533,18,cosine,weights_sqr4,0.5405554787895537
534,18,cosine,weights_sqr8,0.5135063559322034
535,18,euclidean,uniform,0.42242874845105327
536,18,euclidean,distance,0.47923609330940786
537,18,euclidean,weights_sqr,0.5518916531723833
538,18,euclidean,weights_sqr4,0.5720313441832429
539,18,euclidean,weights_sqr8,0.5390189520624303
540,19,manhattan,uniform,0.5011151379983273
541,19,manhattan,distance,0.5440538519072551
542,19,manhattan,weights_sqr,0.5692738298864873
543,19,manhattan,weights_sqr4,0.5781756443895663
544,19,manhattan,weights_sqr8,0.5380891356969956
545,19,nan_euclidean,uniform,0.4017448200654308
546,19,nan_euclidean,distance,0.48110144174568126
547,19,nan_euclidean,weights_sqr,0.5495548095168589
548,19,nan_euclidean,weights_sqr4,0.5733675162117328
549,19,nan_euclidean,weights_sqr8,0.5388045144210672
550,19,minkowski,uniform,0.4017448200654308
551,19,minkowski,distance,0.48110144174568126
552,19,minkowski,weights_sqr,0.5495548095168589
553,19,minkowski,weights_sqr4,0.5733675162117328
554,19,minkowski,weights_sqr8,0.5388045144210672
555,19,chebyshev,uniform,0.37041194297901
556,19,chebyshev,distance,0.4336514577068898
557,19,chebyshev,weights_sqr,0.5194823463215642
558,19,chebyshev,weights_sqr4,0.5336976320582878
559,19,chebyshev,weights_sqr8,0.4991504378512613
560,19,cosine,uniform,0.3933501259445844
561,19,cosine,distance,0.533792154163799
562,19,cosine,weights_sqr,0.5643708224353385
563,19,cosine,weights_sqr4,0.5404284727021423
564,19,cosine,weights_sqr8,0.5134383688600556
565,19,euclidean,uniform,0.4017448200654308
566,19,euclidean,distance,0.48110144174568126
567,19,euclidean,weights_sqr,0.5495548095168589
568,19,euclidean,weights_sqr4,0.5733675162117328
569,19,euclidean,weights_sqr8,0.5388045144210672
570,20,manhattan,uniform,0.5503076667221021
571,20,manhattan,distance,0.5413956238911887
572,20,manhattan,weights_sqr,0.5722291407222914
573,20,manhattan,weights_sqr4,0.5768994155644417
574,20,manhattan,weights_sqr8,0.538220640569395
575,20,nan_euclidean,uniform,0.4599260172626387
576,20,nan_euclidean,distance,0.4814576358485707
577,20,nan_euclidean,weights_sqr,0.5452042886119965
578,20,nan_euclidean,weights_sqr4,0.5728696175850647
579,20,nan_euclidean,weights_sqr8,0.5392443886797713
580,20,minkowski,uniform,0.4599260172626387
581,20,minkowski,distance,0.4814576358485707
582,20,minkowski,weights_sqr,0.5452042886119965
583,20,minkowski,weights_sqr4,0.5728696175850647
584,20,minkowski,weights_sqr8,0.5392443886797713
585,20,chebyshev,uniform,0.4213786531130877
586,20,chebyshev,distance,0.4330327975957141
587,20,chebyshev,weights_sqr,0.514854260089686
588,20,chebyshev,weights_sqr4,0.5342024109896272
589,20,chebyshev,weights_sqr8,0.4993467467990593
590,20,cosine,uniform,0.4452617383842099
591,20,cosine,distance,0.5298722702925422
592,20,cosine,weights_sqr,0.5626268483618441
593,20,cosine,weights_sqr4,0.5405779068159823
594,20,cosine,weights_sqr8,0.5134383688600556
595,20,euclidean,uniform,0.4599260172626387
596,20,euclidean,distance,0.4814576358485707
597,20,euclidean,weights_sqr,0.5452042886119965
598,20,euclidean,weights_sqr4,0.5728696175850647
599,20,euclidean,weights_sqr8,0.5392443886797713
